GeneLocus	sQTL.Top.Name	sQTL.Top.eQTL.beta	sQTL.Top.eQTL.beta_se	sQTL.Top.eQTL.P	chrom	start	end	strand	symbol	SuperAnnotation	SemiSupergroupAnnotations	ProductiveOrUnproductive	sQTL.type	GWAS.Loci	GWAS.accession	gwas.trait	Colocalized.Top.Name	Category	hQTL.P	hQTL.Top.Name	hQTL.Top.eQTL.beta	hQTL.Top.eQTL.beta_se	hQTL.Top.eQTL.P
ENSG00000116922.14	1:37655287:C:CA	0.0164509	0.0387885	0.671683	chr1	37689886	37690216	-	C1orf109	AnnotatedJunc_ProductiveCodingGene	basic tag	Productive	u.sQTL	chr1_37473572_GCST004602	GCST004602	Mean corpuscular volume	1:37455465:G:A	sQTL colocs	H3K4ME1_peak_3978	1:37712618:CA:C	-0.195644	0.0462786	2.86636e-5
ENSG00000189171.14	1:153675233:A:AT	-0.528117	0.0459771	6.15973e-27	chr1	153626533	153627139	-	S100A13	AnnotatedJunc_ProductiveCodingGene	basic tag	Productive	u.sQTL	chr1_153698877_GCST004607	GCST004607	Plateletcrit	1:153634375:A:G	sQTL+eQTL colocs	H3K4ME3_peak_3906	1:153624641:GAA:G	-0.589945	0.0429696	4.8577e-36
ENSG00000160796.18	3:47087035:TA:T	-0.0853638	0.0242801	4.83218e-4	chr3	46988077	46988669	+	NBEAL2	AnnotatedJunc_ProductiveCodingGene	basic tag	Productive	p.sQTL	chr3_47207585_GCST004608	GCST004608	Granulocyte percentage of myeloid white cells	3:47045779:A:AT	sQTL colocs	H3K4ME3_peak_32319	3:46946747:G:C	-0.161234	0.0454631	4.31643e-4
ENSG00000095787.23	10:28506859:ATTT:A	-0.0126845	0.0252525	0.6157	chr10	28534034	28534234	+	WAC	AnnotatedJunc_UnproductiveCodingGene	uniquely nonsense_mediated_decay tag	Unproductive	u.sQTL	chr10_28481233_GCST004602	GCST004602	Mean corpuscular volume	10:28555004:G:C	sQTL colocs	H3K4ME1_peak_20980	10:28536760:C:T	0.173071	0.0221528	4.03658e-14
ENSG00000126214.21	14:103574079:CT:C	0.0399746	0.0204895	0.0516844	chr14	103587364	103590181	+	COA8	AnnotatedJunc_ProductiveCodingGene	basic tag	Productive	p.sQTL	chr14_103551456_GCST004619	GCST004619	Reticulocyte fraction of red cells	14:103573728:T:C	Other	H3K4ME3_peak_15627	14:103627184:C:T	0.135353	0.0179957	2.99943e-13
ENSG00000126214.21	14:103574079:CT:C	0.0399746	0.0204895	0.0516844	chr14	103587364	103590181	+	COA8	AnnotatedJunc_ProductiveCodingGene	basic tag	Productive	p.sQTL	chr14_103551456_GCST004622	GCST004622	Reticulocyte count	14:103573728:T:C	Other	H3K4ME3_peak_15627	14:103627184:C:T	0.135353	0.0179957	2.99943e-13
ENSG00000135926.15	2:218277871:C:T	-0.429291	0.0292396	4.15808e-40	chr2	218282181	218287207	-	TMBIM1	AnnotatedJunc_ProductiveCodingGene	basic tag	Productive	u.sQTL	chr2_218258320_GCST004607	GCST004607	Plateletcrit	2:218279426:G:A	Other	H3K4ME3_peak_28272	2:218278050:C:T	0.427976	0.0290968	3.18219e-40
ENSG00000135926.15	2:218277871:C:T	-0.429291	0.0292396	4.15808e-40	chr2	218282181	218287207	-	TMBIM1	AnnotatedJunc_ProductiveCodingGene	basic tag	Productive	u.sQTL	chr2_218135259_GCST004610	GCST004610	White blood cell count	2:218287044:C:T	Other	H3K4ME3_peak_28272	2:218278050:C:T	0.427976	0.0290968	3.18219e-40
ENSG00000135926.15	2:218277871:C:T	-0.429291	0.0292396	4.15808e-40	chr2	218282181	218287207	-	TMBIM1	AnnotatedJunc_ProductiveCodingGene	basic tag	Productive	u.sQTL	chr2_218720129_GCST004610	GCST004610	White blood cell count	2:218277871:C:T	sQTL colocs	H3K4ME3_peak_28272	2:218278050:C:T	0.427976	0.0290968	3.18219e-40
ENSG00000135926.15	2:218277871:C:T	-0.429291	0.0292396	4.15808e-40	chr2	218282181	218287207	-	TMBIM1	AnnotatedJunc_ProductiveCodingGene	basic tag	Productive	u.sQTL	chr2_218276735_GCST004621	GCST004621	Red cell distribution width	2:218279775:A:G	Other	H3K4ME3_peak_28272	2:218278050:C:T	0.427976	0.0290968	3.18219e-40
ENSG00000135926.15	2:218277871:C:T	-0.429291	0.0292396	4.15808e-40	chr2	218282181	218287207	-	TMBIM1	AnnotatedJunc_ProductiveCodingGene	basic tag	Productive	u.sQTL	chr2_218720129_GCST004613	GCST004613	Sum neutrophil eosinophil counts	2:218287044:C:T	Other	H3K4ME3_peak_28272	2:218278050:C:T	0.427976	0.0290968	3.18219e-40
ENSG00000113504.21	5:1120839:C:T	-0.468339	0.0367029	5.14137e-32	chr5	1075490	1075891	-	SLC12A7	AnnotatedJunc_UnproductiveCodingGene	uniquely nonsense_mediated_decay tag	Unproductive	u.sQTL	chr5_1104823_GCST004616	GCST004616	Platelet distribution width	5:1104823:C:T	Other	H3K27AC_peak_73612	5:1104823:C:T	-0.589886	0.0334441	3.11654e-53
ENSG00000113504.21	5:1120839:C:T	-0.468339	0.0367029	5.14137e-32	chr5	1075490	1075891	-	SLC12A7	AnnotatedJunc_UnproductiveCodingGene	uniquely nonsense_mediated_decay tag	Unproductive	u.sQTL	chr5_1104823_GCST004599	GCST004599	Mean platelet volume	5:1104823:C:T	Other	H3K27AC_peak_73612	5:1104823:C:T	-0.589886	0.0334441	3.11654e-53
ENSG00000113504.21	5:1120839:C:T	-0.468339	0.0367029	5.14137e-32	chr5	1075490	1075891	-	SLC12A7	AnnotatedJunc_UnproductiveCodingGene	uniquely nonsense_mediated_decay tag	Unproductive	u.sQTL	chr5_1104823_GCST004621	GCST004621	Red cell distribution width	5:1104823:C:T	Other	H3K27AC_peak_73612	5:1104823:C:T	-0.589886	0.0334441	3.11654e-53
ENSG00000113504.21	5:1120839:C:T	-0.468339	0.0367029	5.14137e-32	chr5	1075490	1075891	-	SLC12A7	AnnotatedJunc_UnproductiveCodingGene	uniquely nonsense_mediated_decay tag	Unproductive	u.sQTL	chr5_1287225_GCST004632	GCST004632	Lymphocyte percentage of white cells	5:1104823:C:T	Other	H3K27AC_peak_73612	5:1104823:C:T	-0.589886	0.0334441	3.11654e-53
ENSG00000113504.21	5:1120839:C:T	-0.468339	0.0367029	5.14137e-32	chr5	1075490	1075891	-	SLC12A7	AnnotatedJunc_UnproductiveCodingGene	uniquely nonsense_mediated_decay tag	Unproductive	u.sQTL	chr5_1112757_GCST004605	GCST004605	Mean corpuscular hemoglobin concentration	5:1104823:C:T	Other	H3K27AC_peak_73612	5:1104823:C:T	-0.589886	0.0334441	3.11654e-53
ENSG00000136573.14	8:11544838:G:A	-0.360147	0.0341343	2.17819e-23	chr8	11539571	11543224	+	BLK	UnannotatedJunc_UnproductiveCodingGene	predicted_NMD UTRjunction	Unproductive	u.sQTL	chr8_11534584_GCST004626	GCST004626	Myeloid white cell count	8:11543171:G:A	sQTL colocs	H3K27AC_peak_92803	8:11546260:C:G	-0.237511	0.0359462	1.1149e-10
ENSG00000136573.14	8:11544838:G:A	-0.360147	0.0341343	2.17819e-23	chr8	11539571	11543224	+	BLK	UnannotatedJunc_UnproductiveCodingGene	predicted_NMD UTRjunction	Unproductive	u.sQTL	chr8_11541502_GCST004629	GCST004629	Neutrophil count	8:11543171:G:A	sQTL colocs	H3K27AC_peak_92803	8:11546260:C:G	-0.237511	0.0359462	1.1149e-10
ENSG00000136573.14	8:11544838:G:A	-0.360147	0.0341343	2.17819e-23	chr8	11539571	11543224	+	BLK	UnannotatedJunc_UnproductiveCodingGene	predicted_NMD UTRjunction	Unproductive	u.sQTL	chr8_11534584_GCST004610	GCST004610	White blood cell count	8:11543171:G:A	sQTL colocs	H3K27AC_peak_92803	8:11546260:C:G	-0.237511	0.0359462	1.1149e-10
ENSG00000136573.14	8:11544838:G:A	-0.360147	0.0341343	2.17819e-23	chr8	11539571	11543224	+	BLK	UnannotatedJunc_UnproductiveCodingGene	predicted_NMD UTRjunction	Unproductive	u.sQTL	chr8_11541502_GCST004620	GCST004620	Sum basophil neutrophil counts	8:11543171:G:A	sQTL colocs	H3K27AC_peak_92803	8:11546260:C:G	-0.237511	0.0359462	1.1149e-10
ENSG00000136573.14	8:11544838:G:A	-0.360147	0.0341343	2.17819e-23	chr8	11539571	11543224	+	BLK	UnannotatedJunc_UnproductiveCodingGene	predicted_NMD UTRjunction	Unproductive	u.sQTL	chr8_11534584_GCST004613	GCST004613	Sum neutrophil eosinophil counts	8:11543171:G:A	sQTL colocs	H3K27AC_peak_92803	8:11546260:C:G	-0.237511	0.0359462	1.1149e-10
ENSG00000136573.14	8:11544838:G:A	-0.360147	0.0341343	2.17819e-23	chr8	11539571	11543224	+	BLK	UnannotatedJunc_UnproductiveCodingGene	predicted_NMD UTRjunction	Unproductive	u.sQTL	chr8_11541502_GCST004614	GCST004614	Granulocyte count	8:11543171:G:A	sQTL colocs	H3K27AC_peak_92803	8:11546260:C:G	-0.237511	0.0359462	1.1149e-10
ENSG00000101751.10	18:54264955:C:CT	0.0877537	0.0297661	0.00336472	chr18	54283015	54283922	+	POLI	AnnotatedJunc_ProductiveCodingGene	basic tag	Productive	p.sQTL	chr18_54290038_GCST007800	GCST007800	Asthma (childhood onset)	18:54310576:T:A	Other	H3K27AC_peak_43176	18:54263594:A:C	0.0754959	0.024544	0.00222713
ENSG00000143771.12	1:224384820:CAAAAAAAAA:C	-0.244796	0.0410245	4.91977e-9	chr1	224357043	224365879	+	CNIH4	UnannotatedJunc_UnproductiveCodingGene	predicted_NMD pstopcodon	Unproductive	u.sQTL	chr1_224394505_GCST004626	GCST004626	Myeloid white cell count	1:224414541:G:T	Other	H3K27AC_peak_9402	1:224401702:G:GAAAAAAGAA	0.193718	0.0358079	1.0296e-7
ENSG00000143771.12	1:224384820:CAAAAAAAAA:C	-0.244796	0.0410245	4.91977e-9	chr1	224357043	224365879	+	CNIH4	UnannotatedJunc_UnproductiveCodingGene	predicted_NMD pstopcodon	Unproductive	u.sQTL	chr1_224394505_GCST004629	GCST004629	Neutrophil count	1:224414541:G:T	Other	H3K27AC_peak_9402	1:224401702:G:GAAAAAAGAA	0.193718	0.0358079	1.0296e-7
ENSG00000143771.12	1:224384820:CAAAAAAAAA:C	-0.244796	0.0410245	4.91977e-9	chr1	224357043	224365879	+	CNIH4	UnannotatedJunc_UnproductiveCodingGene	predicted_NMD pstopcodon	Unproductive	u.sQTL	chr1_224394505_GCST004610	GCST004610	White blood cell count	1:224390257:C:T	Other	H3K27AC_peak_9402	1:224401702:G:GAAAAAAGAA	0.193718	0.0358079	1.0296e-7
ENSG00000143771.12	1:224384820:CAAAAAAAAA:C	-0.244796	0.0410245	4.91977e-9	chr1	224357043	224365879	+	CNIH4	UnannotatedJunc_UnproductiveCodingGene	predicted_NMD pstopcodon	Unproductive	u.sQTL	chr1_224394505_GCST004620	GCST004620	Sum basophil neutrophil counts	1:224414541:G:T	Other	H3K27AC_peak_9402	1:224401702:G:GAAAAAAGAA	0.193718	0.0358079	1.0296e-7
ENSG00000143771.12	1:224384820:CAAAAAAAAA:C	-0.244796	0.0410245	4.91977e-9	chr1	224357043	224365879	+	CNIH4	UnannotatedJunc_UnproductiveCodingGene	predicted_NMD pstopcodon	Unproductive	u.sQTL	chr1_224394505_GCST004613	GCST004613	Sum neutrophil eosinophil counts	1:224414541:G:T	Other	H3K27AC_peak_9402	1:224401702:G:GAAAAAAGAA	0.193718	0.0358079	1.0296e-7
ENSG00000143771.12	1:224384820:CAAAAAAAAA:C	-0.244796	0.0410245	4.91977e-9	chr1	224357043	224365879	+	CNIH4	UnannotatedJunc_UnproductiveCodingGene	predicted_NMD pstopcodon	Unproductive	u.sQTL	chr1_224394505_GCST004614	GCST004614	Granulocyte count	1:224414541:G:T	Other	H3K27AC_peak_9402	1:224401702:G:GAAAAAAGAA	0.193718	0.0358079	1.0296e-7
ENSG00000166444.19	11:8841578:C:T	0.415186	0.0446761	6.61977e-19	chr11	8811335	8839310	-	DENND2B	AnnotatedJunc_ProductiveCodingGene	basic tag	Productive	u.sQTL	chr11_8797456_GCST004607	GCST004607	Plateletcrit	11:8845261:C:G	Other	H3K4ME3_peak_8965	11:8845261:C:G	-0.397439	0.0454254	4.41801e-17
ENSG00000166444.19	11:8841578:C:T	0.415186	0.0446761	6.61977e-19	chr11	8811335	8839310	-	DENND2B	AnnotatedJunc_ProductiveCodingGene	basic tag	Productive	u.sQTL	chr11_8721318_GCST004601	GCST004601	Red blood cell count	11:8845261:C:G	Other	H3K4ME3_peak_8965	11:8845261:C:G	-0.397439	0.0454254	4.41801e-17
ENSG00000166444.19	11:8841578:C:T	0.415186	0.0446761	6.61977e-19	chr11	8811335	8839310	-	DENND2B	AnnotatedJunc_ProductiveCodingGene	basic tag	Productive	u.sQTL	chr11_8797456_GCST004603	GCST004603	Platelet count	11:8845261:C:G	Other	H3K4ME3_peak_8965	11:8845261:C:G	-0.397439	0.0454254	4.41801e-17
ENSG00000166444.19	11:8841578:C:T	0.415186	0.0446761	6.61977e-19	chr11	8811335	8839310	-	DENND2B	AnnotatedJunc_ProductiveCodingGene	basic tag	Productive	u.sQTL	chr11_8877981_GCST004604	GCST004604	Hematocrit	11:8845261:C:G	Other	H3K4ME3_peak_8965	11:8845261:C:G	-0.397439	0.0454254	4.41801e-17
ENSG00000166444.19	11:8841578:C:T	0.415186	0.0446761	6.61977e-19	chr11	8811335	8839310	-	DENND2B	AnnotatedJunc_ProductiveCodingGene	basic tag	Productive	u.sQTL	chr11_8840983_GCST004615	GCST004615	Hemoglobin concentration	11:8845261:C:G	Other	H3K4ME3_peak_8965	11:8845261:C:G	-0.397439	0.0454254	4.41801e-17
ENSG00000184110.15	16:28801116:TATAATA:T	-0.107752	0.0609185	0.0776106	chr16	28688828	28711657	+	EIF3C	AnnotatedJunc_ProductiveCodingGene	basic tag	Productive	p.sQTL	chr16_28478021_GCST004131	GCST004131	Inflammatory bowel disease	16:28863226:C:G	Other	H3K27AC_peak_35715	16:28672976:C:CA	-0.299926	0.084384700000000007	4.19403e-4
ENSG00000184110.15	16:28801116:TATAATA:T	-0.107752	0.0609185	0.0776106	chr16	28688828	28711657	+	EIF3C	AnnotatedJunc_ProductiveCodingGene	basic tag	Productive	p.sQTL	chr16_28483100_GCST004132	GCST004132	Crohn's disease	16:28863226:C:G	Other	H3K27AC_peak_35715	16:28672976:C:CA	-0.299926	0.084384700000000007	4.19403e-4
ENSG00000105339.10	8:141188619:A:T	0.243082	0.0385259	6.74073e-10	chr8	141185278	141188986	+	DENND3	AnnotatedJunc_ProductiveCodingGene	basic tag	Productive	u.sQTL	chr8_141218810_GCST004622	GCST004622	Reticulocyte count	8:141190368:G:A	Other	H3K4ME3_peak_53123	8:141117537:A:T	-0.145184	0.033569	1.88312e-5
ENSG00000148384.13	9:136430285:C:A	-0.111439	0.0318837	5.21053e-4	chr9	136429807	136431002	-	INPP5E	UnannotatedJunc_UnproductiveCodingGene	predicted_NMD pstopcodon	Unproductive	u.sQTL	chr9_136432610_GCST004606	GCST004606	Eosinophil counts	9:136432610:G:A	Other	H3K4ME3_peak_55906	9:136415132:G:A	-0.140048	0.0317135	1.26231e-5
ENSG00000148384.13	9:136430285:C:A	-0.111439	0.0318837	5.21053e-4	chr9	136429807	136431002	-	INPP5E	UnannotatedJunc_UnproductiveCodingGene	predicted_NMD pstopcodon	Unproductive	u.sQTL	chr9_136432610_GCST004624	GCST004624	Sum eosinophil basophil counts	9:136432610:G:A	Other	H3K4ME3_peak_55906	9:136415132:G:A	-0.140048	0.0317135	1.26231e-5
ENSG00000177595.18	11:803017:A:G	0.191257	0.019968	6.86192e-20	chr11	802891	803174	-	PIDD1	AnnotatedJunc_ProductiveCodingGene	basic tag	Productive	u.sQTL	chr11_803017_GCST004988	GCST004988	Breast cancer	11:803017:A:G	sQTL colocs	H3K4ME3_peak_8838	11:810882:G:T	0.325547	0.019869	1.35527e-47
ENSG00000198522.14	2:27610635:T:C	0.00746688	0.0350767	0.831523	chr2	27629952	27632633	+	GPN1	AnnotatedJunc_ProductiveCodingGene	basic tag	Productive	p.sQTL	chr2_27508073_GCST004132	GCST004132	Crohn's disease	2:27512105:G:A	sQTL colocs	H3K4ME3_peak_24125	2:27624739:T:C	-0.127725	0.0288797	1.22581e-5
ENSG00000198522.14	2:27610635:T:C	0.00746688	0.0350767	0.831523	chr2	27629952	27632633	+	GPN1	AnnotatedJunc_ProductiveCodingGene	basic tag	Productive	p.sQTL	chr2_27526125_GCST004608	GCST004608	Granulocyte percentage of myeloid white cells	2:27526125:AT:A	sQTL colocs	H3K4ME3_peak_24125	2:27624739:T:C	-0.127725	0.0288797	1.22581e-5
ENSG00000198522.14	2:27610635:T:C	0.00746688	0.0350767	0.831523	chr2	27629952	27632633	+	GPN1	AnnotatedJunc_ProductiveCodingGene	basic tag	Productive	p.sQTL	chr2_27526125_GCST004609	GCST004609	Monocyte percentage of white cells	2:27526125:AT:A	sQTL colocs	H3K4ME3_peak_24125	2:27624739:T:C	-0.127725	0.0288797	1.22581e-5
ENSG00000198522.14	2:27610635:T:C	0.00746688	0.0350767	0.831523	chr2	27629952	27632633	+	GPN1	AnnotatedJunc_ProductiveCodingGene	basic tag	Productive	p.sQTL	chr2_28023974_GCST004620	GCST004620	Sum basophil neutrophil counts	2:27526125:AT:A	sQTL colocs	H3K4ME3_peak_24125	2:27624739:T:C	-0.127725	0.0288797	1.22581e-5
ENSG00000198522.14	2:27610635:T:C	0.00746688	0.0350767	0.831523	chr2	27629952	27632633	+	GPN1	AnnotatedJunc_ProductiveCodingGene	basic tag	Productive	p.sQTL	chr2_27508073_GCST004611	GCST004611	High light scatter reticulocyte count	2:27508073:T:C	sQTL colocs	H3K4ME3_peak_24125	2:27624739:T:C	-0.127725	0.0288797	1.22581e-5
ENSG00000198522.14	2:27610635:T:C	0.00746688	0.0350767	0.831523	chr2	27629952	27632633	+	GPN1	AnnotatedJunc_ProductiveCodingGene	basic tag	Productive	p.sQTL	chr2_27508073_GCST004612	GCST004612	High light scatter reticulocyte percentage of red cells	2:27508073:T:C	sQTL colocs	H3K4ME3_peak_24125	2:27624739:T:C	-0.127725	0.0288797	1.22581e-5
ENSG00000198522.14	2:27610635:T:C	0.00746688	0.0350767	0.831523	chr2	27629952	27632633	+	GPN1	AnnotatedJunc_ProductiveCodingGene	basic tag	Productive	p.sQTL	chr2_27375230_GCST004622	GCST004622	Reticulocyte count	2:27508073:T:C	sQTL colocs	H3K4ME3_peak_24125	2:27624739:T:C	-0.127725	0.0288797	1.22581e-5
ENSG00000198522.14	2:27610635:T:C	0.00746688	0.0350767	0.831523	chr2	27629952	27632633	+	GPN1	AnnotatedJunc_ProductiveCodingGene	basic tag	Productive	p.sQTL	chr2_27508073_GCST004604	GCST004604	Hematocrit	2:27508073:T:C	sQTL colocs	H3K4ME3_peak_24125	2:27624739:T:C	-0.127725	0.0288797	1.22581e-5
