SampleID	BigwigFilepath	Group_label	Strand
NA18853	/project2/yangili1/bjf79/ChromatinSplicingQTLs/code/bigwigs/chRNA.Expression.Splicing_stranded/NA18853.1.minus.bw	chRNA	+
NA18853	/project2/yangili1/bjf79/ChromatinSplicingQTLs/code/bigwigs/chRNA.Expression.Splicing_stranded/NA18853.1.plus.bw	chRNA	-
NA19122	/project2/yangili1/bjf79/ChromatinSplicingQTLs/code/bigwigs/chRNA.Expression.Splicing_stranded/NA19122.1.minus.bw	chRNA	+
NA19122	/project2/yangili1/bjf79/ChromatinSplicingQTLs/code/bigwigs/chRNA.Expression.Splicing_stranded/NA19122.1.plus.bw	chRNA	-
NA18523	/project2/yangili1/bjf79/ChromatinSplicingQTLs/code/bigwigs/chRNA.Expression.Splicing_stranded/NA18523.1.minus.bw	chRNA	+
NA18523	/project2/yangili1/bjf79/ChromatinSplicingQTLs/code/bigwigs/chRNA.Expression.Splicing_stranded/NA18523.1.plus.bw	chRNA	-
NA18499	/project2/yangili1/bjf79/ChromatinSplicingQTLs/code/bigwigs/chRNA.Expression.Splicing_stranded/NA18499.1.minus.bw	chRNA	+
NA18499	/project2/yangili1/bjf79/ChromatinSplicingQTLs/code/bigwigs/chRNA.Expression.Splicing_stranded/NA18499.1.plus.bw	chRNA	-
NA18511	/project2/yangili1/bjf79/ChromatinSplicingQTLs/code/bigwigs/chRNA.Expression.Splicing_stranded/NA18511.1.minus.bw	chRNA	+
NA18511	/project2/yangili1/bjf79/ChromatinSplicingQTLs/code/bigwigs/chRNA.Expression.Splicing_stranded/NA18511.1.plus.bw	chRNA	-
NA19150	/project2/yangili1/bjf79/ChromatinSplicingQTLs/code/bigwigs/chRNA.Expression.Splicing_stranded/NA19150.1.minus.bw	chRNA	+
NA19150	/project2/yangili1/bjf79/ChromatinSplicingQTLs/code/bigwigs/chRNA.Expression.Splicing_stranded/NA19150.1.plus.bw	chRNA	-
NA19098	/project2/yangili1/bjf79/ChromatinSplicingQTLs/code/bigwigs/chRNA.Expression.Splicing_stranded/NA19098.1.minus.bw	chRNA	+
NA19098	/project2/yangili1/bjf79/ChromatinSplicingQTLs/code/bigwigs/chRNA.Expression.Splicing_stranded/NA19098.1.plus.bw	chRNA	-
NA19141	/project2/yangili1/bjf79/ChromatinSplicingQTLs/code/bigwigs/chRNA.Expression.Splicing_stranded/NA19141.1.minus.bw	chRNA	+
NA19141	/project2/yangili1/bjf79/ChromatinSplicingQTLs/code/bigwigs/chRNA.Expression.Splicing_stranded/NA19141.1.plus.bw	chRNA	-
NA18852	/project2/yangili1/bjf79/ChromatinSplicingQTLs/code/bigwigs/chRNA.Expression.Splicing_stranded/NA18852.1.minus.bw	chRNA	+
NA18852	/project2/yangili1/bjf79/ChromatinSplicingQTLs/code/bigwigs/chRNA.Expression.Splicing_stranded/NA18852.1.plus.bw	chRNA	-
NA19210	/project2/yangili1/bjf79/ChromatinSplicingQTLs/code/bigwigs/chRNA.Expression.Splicing_stranded/NA19210.1.minus.bw	chRNA	+
NA19210	/project2/yangili1/bjf79/ChromatinSplicingQTLs/code/bigwigs/chRNA.Expression.Splicing_stranded/NA19210.1.plus.bw	chRNA	-
NA19101	/project2/yangili1/bjf79/ChromatinSplicingQTLs/code/bigwigs/chRNA.Expression.Splicing_stranded/NA19101.1.minus.bw	chRNA	+
NA19101	/project2/yangili1/bjf79/ChromatinSplicingQTLs/code/bigwigs/chRNA.Expression.Splicing_stranded/NA19101.1.plus.bw	chRNA	-
NA18915	/project2/yangili1/bjf79/ChromatinSplicingQTLs/code/bigwigs/chRNA.Expression.Splicing_stranded/NA18915.1.minus.bw	chRNA	+
NA18915	/project2/yangili1/bjf79/ChromatinSplicingQTLs/code/bigwigs/chRNA.Expression.Splicing_stranded/NA18915.1.plus.bw	chRNA	-
NA19102	/project2/yangili1/bjf79/ChromatinSplicingQTLs/code/bigwigs/chRNA.Expression.Splicing_stranded/NA19102.1.minus.bw	chRNA	+
NA19102	/project2/yangili1/bjf79/ChromatinSplicingQTLs/code/bigwigs/chRNA.Expression.Splicing_stranded/NA19102.1.plus.bw	chRNA	-
NA19114	/project2/yangili1/bjf79/ChromatinSplicingQTLs/code/bigwigs/chRNA.Expression.Splicing_stranded/NA19114.1.minus.bw	chRNA	+
NA19114	/project2/yangili1/bjf79/ChromatinSplicingQTLs/code/bigwigs/chRNA.Expression.Splicing_stranded/NA19114.1.plus.bw	chRNA	-
NA18504	/project2/yangili1/bjf79/ChromatinSplicingQTLs/code/bigwigs/chRNA.Expression.Splicing_stranded/NA18504.1.minus.bw	chRNA	+
NA18504	/project2/yangili1/bjf79/ChromatinSplicingQTLs/code/bigwigs/chRNA.Expression.Splicing_stranded/NA18504.1.plus.bw	chRNA	-
NA19190	/project2/yangili1/bjf79/ChromatinSplicingQTLs/code/bigwigs/chRNA.Expression.Splicing_stranded/NA19190.1.minus.bw	chRNA	+
NA19190	/project2/yangili1/bjf79/ChromatinSplicingQTLs/code/bigwigs/chRNA.Expression.Splicing_stranded/NA19190.1.plus.bw	chRNA	-
NA19147	/project2/yangili1/bjf79/ChromatinSplicingQTLs/code/bigwigs/chRNA.Expression.Splicing_stranded/NA19147.1.minus.bw	chRNA	+
NA19147	/project2/yangili1/bjf79/ChromatinSplicingQTLs/code/bigwigs/chRNA.Expression.Splicing_stranded/NA19147.1.plus.bw	chRNA	-
NA19131	/project2/yangili1/bjf79/ChromatinSplicingQTLs/code/bigwigs/chRNA.Expression.Splicing_stranded/NA19131.1.minus.bw	chRNA	+
NA19131	/project2/yangili1/bjf79/ChromatinSplicingQTLs/code/bigwigs/chRNA.Expression.Splicing_stranded/NA19131.1.plus.bw	chRNA	-
NA19138	/project2/yangili1/bjf79/ChromatinSplicingQTLs/code/bigwigs/chRNA.Expression.Splicing_stranded/NA19138.1.minus.bw	chRNA	+
NA19138	/project2/yangili1/bjf79/ChromatinSplicingQTLs/code/bigwigs/chRNA.Expression.Splicing_stranded/NA19138.1.plus.bw	chRNA	-
NA19130	/project2/yangili1/bjf79/ChromatinSplicingQTLs/code/bigwigs/chRNA.Expression.Splicing_stranded/NA19130.1.minus.bw	chRNA	+
NA19130	/project2/yangili1/bjf79/ChromatinSplicingQTLs/code/bigwigs/chRNA.Expression.Splicing_stranded/NA19130.1.plus.bw	chRNA	-
NA19099	/project2/yangili1/bjf79/ChromatinSplicingQTLs/code/bigwigs/chRNA.Expression.Splicing_stranded/NA19099.1.minus.bw	chRNA	+
NA19099	/project2/yangili1/bjf79/ChromatinSplicingQTLs/code/bigwigs/chRNA.Expression.Splicing_stranded/NA19099.1.plus.bw	chRNA	-
NA19239	/project2/yangili1/bjf79/ChromatinSplicingQTLs/code/bigwigs/chRNA.Expression.Splicing_stranded/NA19239.1.minus.bw	chRNA	+
NA19239	/project2/yangili1/bjf79/ChromatinSplicingQTLs/code/bigwigs/chRNA.Expression.Splicing_stranded/NA19239.1.plus.bw	chRNA	-
NA19200	/project2/yangili1/bjf79/ChromatinSplicingQTLs/code/bigwigs/chRNA.Expression.Splicing_stranded/NA19200.1.minus.bw	chRNA	+
NA19200	/project2/yangili1/bjf79/ChromatinSplicingQTLs/code/bigwigs/chRNA.Expression.Splicing_stranded/NA19200.1.plus.bw	chRNA	-
NA19238	/project2/yangili1/bjf79/ChromatinSplicingQTLs/code/bigwigs/chRNA.Expression.Splicing_stranded/NA19238.1.minus.bw	chRNA	+
NA19238	/project2/yangili1/bjf79/ChromatinSplicingQTLs/code/bigwigs/chRNA.Expression.Splicing_stranded/NA19238.1.plus.bw	chRNA	-
NA18881	/project2/yangili1/bjf79/ChromatinSplicingQTLs/code/bigwigs/chRNA.Expression.Splicing_stranded/NA18881.1.minus.bw	chRNA	+
NA18881	/project2/yangili1/bjf79/ChromatinSplicingQTLs/code/bigwigs/chRNA.Expression.Splicing_stranded/NA18881.1.plus.bw	chRNA	-
NA19257	/project2/yangili1/bjf79/ChromatinSplicingQTLs/code/bigwigs/chRNA.Expression.Splicing_stranded/NA19257.1.minus.bw	chRNA	+
NA19257	/project2/yangili1/bjf79/ChromatinSplicingQTLs/code/bigwigs/chRNA.Expression.Splicing_stranded/NA19257.1.plus.bw	chRNA	-
NA18486	/project2/yangili1/bjf79/ChromatinSplicingQTLs/code/bigwigs/chRNA.Expression.Splicing_stranded/NA18486.1.minus.bw	chRNA	+
NA18486	/project2/yangili1/bjf79/ChromatinSplicingQTLs/code/bigwigs/chRNA.Expression.Splicing_stranded/NA18486.1.plus.bw	chRNA	-
NA19137	/project2/yangili1/bjf79/ChromatinSplicingQTLs/code/bigwigs/chRNA.Expression.Splicing_stranded/NA19137.1.minus.bw	chRNA	+
NA19137	/project2/yangili1/bjf79/ChromatinSplicingQTLs/code/bigwigs/chRNA.Expression.Splicing_stranded/NA19137.1.plus.bw	chRNA	-
NA18879	/project2/yangili1/bjf79/ChromatinSplicingQTLs/code/bigwigs/chRNA.Expression.Splicing_stranded/NA18879.1.minus.bw	chRNA	+
NA18879	/project2/yangili1/bjf79/ChromatinSplicingQTLs/code/bigwigs/chRNA.Expression.Splicing_stranded/NA18879.1.plus.bw	chRNA	-
NA18497	/project2/yangili1/bjf79/ChromatinSplicingQTLs/code/bigwigs/chRNA.Expression.Splicing_stranded/NA18497.1.minus.bw	chRNA	+
NA18497	/project2/yangili1/bjf79/ChromatinSplicingQTLs/code/bigwigs/chRNA.Expression.Splicing_stranded/NA18497.1.plus.bw	chRNA	-
NA18923	/project2/yangili1/bjf79/ChromatinSplicingQTLs/code/bigwigs/chRNA.Expression.Splicing_stranded/NA18923.1.minus.bw	chRNA	+
NA18923	/project2/yangili1/bjf79/ChromatinSplicingQTLs/code/bigwigs/chRNA.Expression.Splicing_stranded/NA18923.1.plus.bw	chRNA	-
NA19117	/project2/yangili1/bjf79/ChromatinSplicingQTLs/code/bigwigs/chRNA.Expression.Splicing_stranded/NA19117.1.minus.bw	chRNA	+
NA19117	/project2/yangili1/bjf79/ChromatinSplicingQTLs/code/bigwigs/chRNA.Expression.Splicing_stranded/NA19117.1.plus.bw	chRNA	-
NA19214	/project2/yangili1/bjf79/ChromatinSplicingQTLs/code/bigwigs/chRNA.Expression.Splicing_stranded/NA19214.1.minus.bw	chRNA	+
NA19214	/project2/yangili1/bjf79/ChromatinSplicingQTLs/code/bigwigs/chRNA.Expression.Splicing_stranded/NA19214.1.plus.bw	chRNA	-
NA18520	/project2/yangili1/bjf79/ChromatinSplicingQTLs/code/bigwigs/chRNA.Expression.Splicing_stranded/NA18520.1.minus.bw	chRNA	+
NA18520	/project2/yangili1/bjf79/ChromatinSplicingQTLs/code/bigwigs/chRNA.Expression.Splicing_stranded/NA18520.1.plus.bw	chRNA	-
NA18507	/project2/yangili1/bjf79/ChromatinSplicingQTLs/code/bigwigs/chRNA.Expression.Splicing_stranded/NA18507.1.minus.bw	chRNA	+
NA18507	/project2/yangili1/bjf79/ChromatinSplicingQTLs/code/bigwigs/chRNA.Expression.Splicing_stranded/NA18507.1.plus.bw	chRNA	-
NA19127	/project2/yangili1/bjf79/ChromatinSplicingQTLs/code/bigwigs/chRNA.Expression.Splicing_stranded/NA19127.1.minus.bw	chRNA	+
NA19127	/project2/yangili1/bjf79/ChromatinSplicingQTLs/code/bigwigs/chRNA.Expression.Splicing_stranded/NA19127.1.plus.bw	chRNA	-
NA19152	/project2/yangili1/bjf79/ChromatinSplicingQTLs/code/bigwigs/chRNA.Expression.Splicing_stranded/NA19152.1.minus.bw	chRNA	+
NA19152	/project2/yangili1/bjf79/ChromatinSplicingQTLs/code/bigwigs/chRNA.Expression.Splicing_stranded/NA19152.1.plus.bw	chRNA	-
NA18864	/project2/yangili1/bjf79/ChromatinSplicingQTLs/code/bigwigs/chRNA.Expression.Splicing_stranded/NA18864.1.minus.bw	chRNA	+
NA18864	/project2/yangili1/bjf79/ChromatinSplicingQTLs/code/bigwigs/chRNA.Expression.Splicing_stranded/NA18864.1.plus.bw	chRNA	-
NA18867	/project2/yangili1/bjf79/ChromatinSplicingQTLs/code/bigwigs/chRNA.Expression.Splicing_stranded/NA18867.1.minus.bw	chRNA	+
NA18867	/project2/yangili1/bjf79/ChromatinSplicingQTLs/code/bigwigs/chRNA.Expression.Splicing_stranded/NA18867.1.plus.bw	chRNA	-
NA19119	/project2/yangili1/bjf79/ChromatinSplicingQTLs/code/bigwigs/chRNA.Expression.Splicing_stranded/NA19119.1.minus.bw	chRNA	+
NA19119	/project2/yangili1/bjf79/ChromatinSplicingQTLs/code/bigwigs/chRNA.Expression.Splicing_stranded/NA19119.1.plus.bw	chRNA	-
NA18510	/project2/yangili1/bjf79/ChromatinSplicingQTLs/code/bigwigs/chRNA.Expression.Splicing_stranded/NA18510.1.minus.bw	chRNA	+
NA18510	/project2/yangili1/bjf79/ChromatinSplicingQTLs/code/bigwigs/chRNA.Expression.Splicing_stranded/NA18510.1.plus.bw	chRNA	-
NA19225	/project2/yangili1/bjf79/ChromatinSplicingQTLs/code/bigwigs/chRNA.Expression.Splicing_stranded/NA19225.1.minus.bw	chRNA	+
NA19225	/project2/yangili1/bjf79/ChromatinSplicingQTLs/code/bigwigs/chRNA.Expression.Splicing_stranded/NA19225.1.plus.bw	chRNA	-
NA19184	/project2/yangili1/bjf79/ChromatinSplicingQTLs/code/bigwigs/chRNA.Expression.Splicing_stranded/NA19184.1.minus.bw	chRNA	+
NA19184	/project2/yangili1/bjf79/ChromatinSplicingQTLs/code/bigwigs/chRNA.Expression.Splicing_stranded/NA19184.1.plus.bw	chRNA	-
NA18924	/project2/yangili1/bjf79/ChromatinSplicingQTLs/code/bigwigs/chRNA.Expression.Splicing_stranded/NA18924.1.minus.bw	chRNA	+
NA18924	/project2/yangili1/bjf79/ChromatinSplicingQTLs/code/bigwigs/chRNA.Expression.Splicing_stranded/NA18924.1.plus.bw	chRNA	-
NA19236	/project2/yangili1/bjf79/ChromatinSplicingQTLs/code/bigwigs/chRNA.Expression.Splicing_stranded/NA19236.1.minus.bw	chRNA	+
NA19236	/project2/yangili1/bjf79/ChromatinSplicingQTLs/code/bigwigs/chRNA.Expression.Splicing_stranded/NA19236.1.plus.bw	chRNA	-
NA18868	/project2/yangili1/bjf79/ChromatinSplicingQTLs/code/bigwigs/chRNA.Expression.Splicing_stranded/NA18868.1.minus.bw	chRNA	+
NA18868	/project2/yangili1/bjf79/ChromatinSplicingQTLs/code/bigwigs/chRNA.Expression.Splicing_stranded/NA18868.1.plus.bw	chRNA	-
NA19213	/project2/yangili1/bjf79/ChromatinSplicingQTLs/code/bigwigs/chRNA.Expression.Splicing_stranded/NA19213.1.minus.bw	chRNA	+
NA19213	/project2/yangili1/bjf79/ChromatinSplicingQTLs/code/bigwigs/chRNA.Expression.Splicing_stranded/NA19213.1.plus.bw	chRNA	-
NA19107	/project2/yangili1/bjf79/ChromatinSplicingQTLs/code/bigwigs/chRNA.Expression.Splicing_stranded/NA19107.1.minus.bw	chRNA	+
NA19107	/project2/yangili1/bjf79/ChromatinSplicingQTLs/code/bigwigs/chRNA.Expression.Splicing_stranded/NA19107.1.plus.bw	chRNA	-
NA18877	/project2/yangili1/bjf79/ChromatinSplicingQTLs/code/bigwigs/chRNA.Expression.Splicing_stranded/NA18877.1.minus.bw	chRNA	+
NA18877	/project2/yangili1/bjf79/ChromatinSplicingQTLs/code/bigwigs/chRNA.Expression.Splicing_stranded/NA18877.1.plus.bw	chRNA	-
NA18516	/project2/yangili1/bjf79/ChromatinSplicingQTLs/code/bigwigs/chRNA.Expression.Splicing_stranded/NA18516.1.minus.bw	chRNA	+
NA18516	/project2/yangili1/bjf79/ChromatinSplicingQTLs/code/bigwigs/chRNA.Expression.Splicing_stranded/NA18516.1.plus.bw	chRNA	-
NA19247	/project2/yangili1/bjf79/ChromatinSplicingQTLs/code/bigwigs/chRNA.Expression.Splicing_stranded/NA19247.1.minus.bw	chRNA	+
NA19247	/project2/yangili1/bjf79/ChromatinSplicingQTLs/code/bigwigs/chRNA.Expression.Splicing_stranded/NA19247.1.plus.bw	chRNA	-
NA18855	/project2/yangili1/bjf79/ChromatinSplicingQTLs/code/bigwigs/chRNA.Expression.Splicing_stranded/NA18855.1.minus.bw	chRNA	+
NA18855	/project2/yangili1/bjf79/ChromatinSplicingQTLs/code/bigwigs/chRNA.Expression.Splicing_stranded/NA18855.1.plus.bw	chRNA	-
NA19206	/project2/yangili1/bjf79/ChromatinSplicingQTLs/code/bigwigs/chRNA.Expression.Splicing_stranded/NA19206.1.minus.bw	chRNA	+
NA19206	/project2/yangili1/bjf79/ChromatinSplicingQTLs/code/bigwigs/chRNA.Expression.Splicing_stranded/NA19206.1.plus.bw	chRNA	-
NA19160	/project2/yangili1/bjf79/ChromatinSplicingQTLs/code/bigwigs/chRNA.Expression.Splicing_stranded/NA19160.1.minus.bw	chRNA	+
NA19160	/project2/yangili1/bjf79/ChromatinSplicingQTLs/code/bigwigs/chRNA.Expression.Splicing_stranded/NA19160.1.plus.bw	chRNA	-
NA18913	/project2/yangili1/bjf79/ChromatinSplicingQTLs/code/bigwigs/chRNA.Expression.Splicing_stranded/NA18913.1.minus.bw	chRNA	+
NA18913	/project2/yangili1/bjf79/ChromatinSplicingQTLs/code/bigwigs/chRNA.Expression.Splicing_stranded/NA18913.1.plus.bw	chRNA	-
NA18870	/project2/yangili1/bjf79/ChromatinSplicingQTLs/code/bigwigs/chRNA.Expression.Splicing_stranded/NA18870.1.minus.bw	chRNA	+
NA18870	/project2/yangili1/bjf79/ChromatinSplicingQTLs/code/bigwigs/chRNA.Expression.Splicing_stranded/NA18870.1.plus.bw	chRNA	-
NA19095	/project2/yangili1/bjf79/ChromatinSplicingQTLs/code/bigwigs/chRNA.Expression.Splicing_stranded/NA19095.1.minus.bw	chRNA	+
NA19095	/project2/yangili1/bjf79/ChromatinSplicingQTLs/code/bigwigs/chRNA.Expression.Splicing_stranded/NA19095.1.plus.bw	chRNA	-
NA19093	/project2/yangili1/bjf79/ChromatinSplicingQTLs/code/bigwigs/chRNA.Expression.Splicing_stranded/NA19093.1.minus.bw	chRNA	+
NA19093	/project2/yangili1/bjf79/ChromatinSplicingQTLs/code/bigwigs/chRNA.Expression.Splicing_stranded/NA19093.1.plus.bw	chRNA	-
NA18858	/project2/yangili1/bjf79/ChromatinSplicingQTLs/code/bigwigs/chRNA.Expression.Splicing_stranded/NA18858.1.minus.bw	chRNA	+
NA18858	/project2/yangili1/bjf79/ChromatinSplicingQTLs/code/bigwigs/chRNA.Expression.Splicing_stranded/NA18858.1.plus.bw	chRNA	-
NA19092	/project2/yangili1/bjf79/ChromatinSplicingQTLs/code/bigwigs/chRNA.Expression.Splicing_stranded/NA19092.1.minus.bw	chRNA	+
NA19092	/project2/yangili1/bjf79/ChromatinSplicingQTLs/code/bigwigs/chRNA.Expression.Splicing_stranded/NA19092.1.plus.bw	chRNA	-
NA18522	/project2/yangili1/bjf79/ChromatinSplicingQTLs/code/bigwigs/chRNA.Expression.Splicing_stranded/NA18522.1.minus.bw	chRNA	+
NA18522	/project2/yangili1/bjf79/ChromatinSplicingQTLs/code/bigwigs/chRNA.Expression.Splicing_stranded/NA18522.1.plus.bw	chRNA	-
NA18917	/project2/yangili1/bjf79/ChromatinSplicingQTLs/code/bigwigs/chRNA.Expression.Splicing_stranded/NA18917.1.minus.bw	chRNA	+
NA18917	/project2/yangili1/bjf79/ChromatinSplicingQTLs/code/bigwigs/chRNA.Expression.Splicing_stranded/NA18917.1.plus.bw	chRNA	-
NA18862	/project2/yangili1/bjf79/ChromatinSplicingQTLs/code/bigwigs/chRNA.Expression.Splicing_stranded/NA18862.1.minus.bw	chRNA	+
NA18862	/project2/yangili1/bjf79/ChromatinSplicingQTLs/code/bigwigs/chRNA.Expression.Splicing_stranded/NA18862.1.plus.bw	chRNA	-
NA19198	/project2/yangili1/bjf79/ChromatinSplicingQTLs/code/bigwigs/chRNA.Expression.Splicing_stranded/NA19198.1.minus.bw	chRNA	+
NA19198	/project2/yangili1/bjf79/ChromatinSplicingQTLs/code/bigwigs/chRNA.Expression.Splicing_stranded/NA19198.1.plus.bw	chRNA	-
NA19171	/project2/yangili1/bjf79/ChromatinSplicingQTLs/code/bigwigs/chRNA.Expression.Splicing_stranded/NA19171.1.minus.bw	chRNA	+
NA19171	/project2/yangili1/bjf79/ChromatinSplicingQTLs/code/bigwigs/chRNA.Expression.Splicing_stranded/NA19171.1.plus.bw	chRNA	-
NA19201	/project2/yangili1/bjf79/ChromatinSplicingQTLs/code/bigwigs/chRNA.Expression.Splicing_stranded/NA19201.1.minus.bw	chRNA	+
NA19201	/project2/yangili1/bjf79/ChromatinSplicingQTLs/code/bigwigs/chRNA.Expression.Splicing_stranded/NA19201.1.plus.bw	chRNA	-
NA19096	/project2/yangili1/bjf79/ChromatinSplicingQTLs/code/bigwigs/chRNA.Expression.Splicing_stranded/NA19096.1.minus.bw	chRNA	+
NA19096	/project2/yangili1/bjf79/ChromatinSplicingQTLs/code/bigwigs/chRNA.Expression.Splicing_stranded/NA19096.1.plus.bw	chRNA	-
NA19140	/project2/yangili1/bjf79/ChromatinSplicingQTLs/code/bigwigs/chRNA.Expression.Splicing_stranded/NA19140.1.minus.bw	chRNA	+
NA19140	/project2/yangili1/bjf79/ChromatinSplicingQTLs/code/bigwigs/chRNA.Expression.Splicing_stranded/NA19140.1.plus.bw	chRNA	-
NA19121	/project2/yangili1/bjf79/ChromatinSplicingQTLs/code/bigwigs/chRNA.Expression.Splicing_stranded/NA19121.1.minus.bw	chRNA	+
NA19121	/project2/yangili1/bjf79/ChromatinSplicingQTLs/code/bigwigs/chRNA.Expression.Splicing_stranded/NA19121.1.plus.bw	chRNA	-
NA18508	/project2/yangili1/bjf79/ChromatinSplicingQTLs/code/bigwigs/chRNA.Expression.Splicing_stranded/NA18508.1.minus.bw	chRNA	+
NA18508	/project2/yangili1/bjf79/ChromatinSplicingQTLs/code/bigwigs/chRNA.Expression.Splicing_stranded/NA18508.1.plus.bw	chRNA	-
NA18519	/project2/yangili1/bjf79/ChromatinSplicingQTLs/code/bigwigs/chRNA.Expression.Splicing_stranded/NA18519.1.minus.bw	chRNA	+
NA18519	/project2/yangili1/bjf79/ChromatinSplicingQTLs/code/bigwigs/chRNA.Expression.Splicing_stranded/NA18519.1.plus.bw	chRNA	-
NA19153	/project2/yangili1/bjf79/ChromatinSplicingQTLs/code/bigwigs/chRNA.Expression.Splicing_stranded/NA19153.1.minus.bw	chRNA	+
NA19153	/project2/yangili1/bjf79/ChromatinSplicingQTLs/code/bigwigs/chRNA.Expression.Splicing_stranded/NA19153.1.plus.bw	chRNA	-
NA18910	/project2/yangili1/bjf79/ChromatinSplicingQTLs/code/bigwigs/chRNA.Expression.Splicing_stranded/NA18910.1.minus.bw	chRNA	+
NA18910	/project2/yangili1/bjf79/ChromatinSplicingQTLs/code/bigwigs/chRNA.Expression.Splicing_stranded/NA18910.1.plus.bw	chRNA	-
NA19143	/project2/yangili1/bjf79/ChromatinSplicingQTLs/code/bigwigs/chRNA.Expression.Splicing_stranded/NA19143.1.minus.bw	chRNA	+
NA19143	/project2/yangili1/bjf79/ChromatinSplicingQTLs/code/bigwigs/chRNA.Expression.Splicing_stranded/NA19143.1.plus.bw	chRNA	-
NA19118	/project2/yangili1/bjf79/ChromatinSplicingQTLs/code/bigwigs/chRNA.Expression.Splicing_stranded/NA19118.1.minus.bw	chRNA	+
NA19118	/project2/yangili1/bjf79/ChromatinSplicingQTLs/code/bigwigs/chRNA.Expression.Splicing_stranded/NA19118.1.plus.bw	chRNA	-
NA18934	/project2/yangili1/bjf79/ChromatinSplicingQTLs/code/bigwigs/chRNA.Expression.Splicing_stranded/NA18934.1.minus.bw	chRNA	+
NA18934	/project2/yangili1/bjf79/ChromatinSplicingQTLs/code/bigwigs/chRNA.Expression.Splicing_stranded/NA18934.1.plus.bw	chRNA	-
NA19209	/project2/yangili1/bjf79/ChromatinSplicingQTLs/code/bigwigs/chRNA.Expression.Splicing_stranded/NA19209.1.minus.bw	chRNA	+
NA19209	/project2/yangili1/bjf79/ChromatinSplicingQTLs/code/bigwigs/chRNA.Expression.Splicing_stranded/NA19209.1.plus.bw	chRNA	-
NA18498	/project2/yangili1/bjf79/ChromatinSplicingQTLs/code/bigwigs/chRNA.Expression.Splicing_stranded/NA18498.1.minus.bw	chRNA	+
NA18498	/project2/yangili1/bjf79/ChromatinSplicingQTLs/code/bigwigs/chRNA.Expression.Splicing_stranded/NA18498.1.plus.bw	chRNA	-
NA19207	/project2/yangili1/bjf79/ChromatinSplicingQTLs/code/bigwigs/chRNA.Expression.Splicing_stranded/NA19207.1.minus.bw	chRNA	+
NA19207	/project2/yangili1/bjf79/ChromatinSplicingQTLs/code/bigwigs/chRNA.Expression.Splicing_stranded/NA19207.1.plus.bw	chRNA	-
NA19146	/project2/yangili1/bjf79/ChromatinSplicingQTLs/code/bigwigs/chRNA.Expression.Splicing_stranded/NA19146.1.minus.bw	chRNA	+
NA19146	/project2/yangili1/bjf79/ChromatinSplicingQTLs/code/bigwigs/chRNA.Expression.Splicing_stranded/NA19146.1.plus.bw	chRNA	-
NA18876	/project2/yangili1/bjf79/ChromatinSplicingQTLs/code/bigwigs/chRNA.Expression.Splicing_stranded/NA18876.1.minus.bw	chRNA	+
NA18876	/project2/yangili1/bjf79/ChromatinSplicingQTLs/code/bigwigs/chRNA.Expression.Splicing_stranded/NA18876.1.plus.bw	chRNA	-
NA18909	/project2/yangili1/bjf79/ChromatinSplicingQTLs/code/bigwigs/chRNA.Expression.Splicing_stranded/NA18909.1.minus.bw	chRNA	+
NA18909	/project2/yangili1/bjf79/ChromatinSplicingQTLs/code/bigwigs/chRNA.Expression.Splicing_stranded/NA18909.1.plus.bw	chRNA	-
NA19108	/project2/yangili1/bjf79/ChromatinSplicingQTLs/code/bigwigs/chRNA.Expression.Splicing_stranded/NA19108.1.minus.bw	chRNA	+
NA19108	/project2/yangili1/bjf79/ChromatinSplicingQTLs/code/bigwigs/chRNA.Expression.Splicing_stranded/NA19108.1.plus.bw	chRNA	-
NA18505	/project2/yangili1/bjf79/ChromatinSplicingQTLs/code/bigwigs/chRNA.Expression.Splicing_stranded/NA18505.1.minus.bw	chRNA	+
NA18505	/project2/yangili1/bjf79/ChromatinSplicingQTLs/code/bigwigs/chRNA.Expression.Splicing_stranded/NA18505.1.plus.bw	chRNA	-
NA18502	/project2/yangili1/bjf79/ChromatinSplicingQTLs/code/bigwigs/chRNA.Expression.Splicing_stranded/NA18502.1.minus.bw	chRNA	+
NA18502	/project2/yangili1/bjf79/ChromatinSplicingQTLs/code/bigwigs/chRNA.Expression.Splicing_stranded/NA18502.1.plus.bw	chRNA	-
NA19203	/project2/yangili1/bjf79/ChromatinSplicingQTLs/code/bigwigs/chRNA.Expression.Splicing_stranded/NA19203.1.minus.bw	chRNA	+
NA19203	/project2/yangili1/bjf79/ChromatinSplicingQTLs/code/bigwigs/chRNA.Expression.Splicing_stranded/NA19203.1.plus.bw	chRNA	-
NA19128	/project2/yangili1/bjf79/ChromatinSplicingQTLs/code/bigwigs/chRNA.Expression.Splicing_stranded/NA19128.1.minus.bw	chRNA	+
NA19128	/project2/yangili1/bjf79/ChromatinSplicingQTLs/code/bigwigs/chRNA.Expression.Splicing_stranded/NA19128.1.plus.bw	chRNA	-
NA19092	/project2/yangili1/bjf79/ChromatinSplicingQTLs/code/bigwigs/H3K4ME3/NA19092.1.bw	H3K4ME3	.
NA19128	/project2/yangili1/bjf79/ChromatinSplicingQTLs/code/bigwigs/H3K4ME3/NA19128.1.bw	H3K4ME3	.
NA19140	/project2/yangili1/bjf79/ChromatinSplicingQTLs/code/bigwigs/H3K4ME3/NA19140.1.bw	H3K4ME3	.
NA18913	/project2/yangili1/bjf79/ChromatinSplicingQTLs/code/bigwigs/H3K4ME3/NA18913.1.bw	H3K4ME3	.
NA18859	/project2/yangili1/bjf79/ChromatinSplicingQTLs/code/bigwigs/H3K4ME3/NA18859.1.bw	H3K4ME3	.
NA19127	/project2/yangili1/bjf79/ChromatinSplicingQTLs/code/bigwigs/H3K4ME3/NA19127.1.bw	H3K4ME3	.
NA19101	/project2/yangili1/bjf79/ChromatinSplicingQTLs/code/bigwigs/H3K4ME3/NA19101.1.bw	H3K4ME3	.
NA18855	/project2/yangili1/bjf79/ChromatinSplicingQTLs/code/bigwigs/H3K4ME3/NA18855.1.bw	H3K4ME3	.
NA19141	/project2/yangili1/bjf79/ChromatinSplicingQTLs/code/bigwigs/H3K4ME3/NA19141.1.bw	H3K4ME3	.
NA18852	/project2/yangili1/bjf79/ChromatinSplicingQTLs/code/bigwigs/H3K4ME3/NA18852.1.bw	H3K4ME3	.
NA19206	/project2/yangili1/bjf79/ChromatinSplicingQTLs/code/bigwigs/H3K4ME3/NA19206.1.bw	H3K4ME3	.
NA18862	/project2/yangili1/bjf79/ChromatinSplicingQTLs/code/bigwigs/H3K4ME3/NA18862.1.bw	H3K4ME3	.
NA19203	/project2/yangili1/bjf79/ChromatinSplicingQTLs/code/bigwigs/H3K4ME3/NA19203.1.bw	H3K4ME3	.
NA18870	/project2/yangili1/bjf79/ChromatinSplicingQTLs/code/bigwigs/H3K4ME3/NA18870.1.bw	H3K4ME3	.
NA18501	/project2/yangili1/bjf79/ChromatinSplicingQTLs/code/bigwigs/H3K4ME3/NA18501.1.bw	H3K4ME3	.
NA18516	/project2/yangili1/bjf79/ChromatinSplicingQTLs/code/bigwigs/H3K4ME3/NA18516.1.bw	H3K4ME3	.
NA18511	/project2/yangili1/bjf79/ChromatinSplicingQTLs/code/bigwigs/H3K4ME3/NA18511.1.bw	H3K4ME3	.
NA18504	/project2/yangili1/bjf79/ChromatinSplicingQTLs/code/bigwigs/H3K4ME3/NA18504.1.bw	H3K4ME3	.
NA19102	/project2/yangili1/bjf79/ChromatinSplicingQTLs/code/bigwigs/H3K4ME3/NA19102.1.bw	H3K4ME3	.
NA18856	/project2/yangili1/bjf79/ChromatinSplicingQTLs/code/bigwigs/H3K4ME3/NA18856.1.bw	H3K4ME3	.
NA18517	/project2/yangili1/bjf79/ChromatinSplicingQTLs/code/bigwigs/H3K4ME3/NA18517.1.bw	H3K4ME3	.
NA18498	/project2/yangili1/bjf79/ChromatinSplicingQTLs/code/bigwigs/H3K4ME3/NA18498.1.bw	H3K4ME3	.
NA19190	/project2/yangili1/bjf79/ChromatinSplicingQTLs/code/bigwigs/H3K4ME3/NA19190.1.bw	H3K4ME3	.
NA19147	/project2/yangili1/bjf79/ChromatinSplicingQTLs/code/bigwigs/H3K4ME3/NA19147.1.bw	H3K4ME3	.
NA18520	/project2/yangili1/bjf79/ChromatinSplicingQTLs/code/bigwigs/H3K4ME3/NA18520.1.bw	H3K4ME3	.
NA19171	/project2/yangili1/bjf79/ChromatinSplicingQTLs/code/bigwigs/H3K4ME3/NA19171.1.bw	H3K4ME3	.
NA19131	/project2/yangili1/bjf79/ChromatinSplicingQTLs/code/bigwigs/H3K4ME3/NA19131.1.bw	H3K4ME3	.
NA18907	/project2/yangili1/bjf79/ChromatinSplicingQTLs/code/bigwigs/H3K4ME3/NA18907.1.bw	H3K4ME3	.
NA18523	/project2/yangili1/bjf79/ChromatinSplicingQTLs/code/bigwigs/H3K4ME3/NA18523.1.bw	H3K4ME3	.
NA19222	/project2/yangili1/bjf79/ChromatinSplicingQTLs/code/bigwigs/H3K4ME3/NA19222.1.bw	H3K4ME3	.
NA18912	/project2/yangili1/bjf79/ChromatinSplicingQTLs/code/bigwigs/H3K4ME3/NA18912.1.bw	H3K4ME3	.
NA19098	/project2/yangili1/bjf79/ChromatinSplicingQTLs/code/bigwigs/H3K4ME3/NA19098.1.bw	H3K4ME3	.
NA19119	/project2/yangili1/bjf79/ChromatinSplicingQTLs/code/bigwigs/H3K4ME3/NA19119.1.bw	H3K4ME3	.
NA19200	/project2/yangili1/bjf79/ChromatinSplicingQTLs/code/bigwigs/H3K4ME3/NA19200.1.bw	H3K4ME3	.
NA19209	/project2/yangili1/bjf79/ChromatinSplicingQTLs/code/bigwigs/H3K4ME3/NA19209.1.bw	H3K4ME3	.
NA19160	/project2/yangili1/bjf79/ChromatinSplicingQTLs/code/bigwigs/H3K4ME3/NA19160.1.bw	H3K4ME3	.
NA18916	/project2/yangili1/bjf79/ChromatinSplicingQTLs/code/bigwigs/H3K4ME3/NA18916.1.bw	H3K4ME3	.
NA18861	/project2/yangili1/bjf79/ChromatinSplicingQTLs/code/bigwigs/H3K4ME3/NA18861.1.bw	H3K4ME3	.
NA18510	/project2/yangili1/bjf79/ChromatinSplicingQTLs/code/bigwigs/H3K4ME3/NA18510.1.bw	H3K4ME3	.
NA19137	/project2/yangili1/bjf79/ChromatinSplicingQTLs/code/bigwigs/H3K4ME3/NA19137.1.bw	H3K4ME3	.
NA18489	/project2/yangili1/bjf79/ChromatinSplicingQTLs/code/bigwigs/H3K4ME3/NA18489.1.bw	H3K4ME3	.
NA18502	/project2/yangili1/bjf79/ChromatinSplicingQTLs/code/bigwigs/H3K4ME3/NA18502.1.bw	H3K4ME3	.
NA19093	/project2/yangili1/bjf79/ChromatinSplicingQTLs/code/bigwigs/H3K4ME3/NA19093.1.bw	H3K4ME3	.
NA18499	/project2/yangili1/bjf79/ChromatinSplicingQTLs/code/bigwigs/H3K4ME3/NA18499.1.bw	H3K4ME3	.
NA19114	/project2/yangili1/bjf79/ChromatinSplicingQTLs/code/bigwigs/H3K4ME3/NA19114.1.bw	H3K4ME3	.
NA18507	/project2/yangili1/bjf79/ChromatinSplicingQTLs/code/bigwigs/H3K4ME3/NA18507.1.bw	H3K4ME3	.
NA18519	/project2/yangili1/bjf79/ChromatinSplicingQTLs/code/bigwigs/H3K4ME3/NA18519.1.bw	H3K4ME3	.
NA19225	/project2/yangili1/bjf79/ChromatinSplicingQTLs/code/bigwigs/H3K4ME3/NA19225.1.bw	H3K4ME3	.
NA19099	/project2/yangili1/bjf79/ChromatinSplicingQTLs/code/bigwigs/H3K4ME3/NA19099.1.bw	H3K4ME3	.
NA18853	/project2/yangili1/bjf79/ChromatinSplicingQTLs/code/bigwigs/H3K4ME3/NA18853.1.bw	H3K4ME3	.
NA19130	/project2/yangili1/bjf79/ChromatinSplicingQTLs/code/bigwigs/H3K4ME3/NA19130.1.bw	H3K4ME3	.
NA19257	/project2/yangili1/bjf79/ChromatinSplicingQTLs/code/bigwigs/H3K4ME3/NA19257.1.bw	H3K4ME3	.
NA19204	/project2/yangili1/bjf79/ChromatinSplicingQTLs/code/bigwigs/H3K4ME3/NA19204.1.bw	H3K4ME3	.
NA18909	/project2/yangili1/bjf79/ChromatinSplicingQTLs/code/bigwigs/H3K4ME3/NA18909.1.bw	H3K4ME3	.
NA19138	/project2/yangili1/bjf79/ChromatinSplicingQTLs/code/bigwigs/H3K4ME3/NA19138.1.bw	H3K4ME3	.
NA19108	/project2/yangili1/bjf79/ChromatinSplicingQTLs/code/bigwigs/H3K4ME3/NA19108.1.bw	H3K4ME3	.
NA18505	/project2/yangili1/bjf79/ChromatinSplicingQTLs/code/bigwigs/H3K4ME3/NA18505.1.bw	H3K4ME3	.
NA19116	/project2/yangili1/bjf79/ChromatinSplicingQTLs/code/bigwigs/H3K4ME3/NA19116.1.bw	H3K4ME3	.
NA19152	/project2/yangili1/bjf79/ChromatinSplicingQTLs/code/bigwigs/H3K4ME3/NA19152.1.bw	H3K4ME3	.
NA18508	/project2/yangili1/bjf79/ChromatinSplicingQTLs/code/bigwigs/H3K4ME3/NA18508.1.bw	H3K4ME3	.
NA19223	/project2/yangili1/bjf79/ChromatinSplicingQTLs/code/bigwigs/H3K4ME3/NA19223.1.bw	H3K4ME3	.
NA19207	/project2/yangili1/bjf79/ChromatinSplicingQTLs/code/bigwigs/H3K4ME3/NA19207.1.bw	H3K4ME3	.
NA18522	/project2/yangili1/bjf79/ChromatinSplicingQTLs/code/bigwigs/H3K4ME3/NA18522.1.bw	H3K4ME3	.
NA19172	/project2/yangili1/bjf79/ChromatinSplicingQTLs/code/bigwigs/H3K4ME3/NA19172.1.bw	H3K4ME3	.
NA18858	/project2/yangili1/bjf79/ChromatinSplicingQTLs/code/bigwigs/H3K4ME3/NA18858.1.bw	H3K4ME3	.
NA18871	/project2/yangili1/bjf79/ChromatinSplicingQTLs/code/bigwigs/H3K4ME3/NA18871.1.bw	H3K4ME3	.
NA19201	/project2/yangili1/bjf79/ChromatinSplicingQTLs/code/bigwigs/H3K4ME3/NA19201.1.bw	H3K4ME3	.
NA19144	/project2/yangili1/bjf79/ChromatinSplicingQTLs/code/bigwigs/H3K4ME3/NA19144.1.bw	H3K4ME3	.
NA19143	/project2/yangili1/bjf79/ChromatinSplicingQTLs/code/bigwigs/H3K4ME3/NA19143.1.bw	H3K4ME3	.
NA19153	/project2/yangili1/bjf79/ChromatinSplicingQTLs/code/bigwigs/H3K4ME3/NA19153.1.bw	H3K4ME3	.
NA19210	/project2/yangili1/bjf79/ChromatinSplicingQTLs/code/bigwigs/H3K4ME3/NA19210.1.bw	H3K4ME3	.
NA19159	/project2/yangili1/bjf79/ChromatinSplicingQTLs/code/bigwigs/H3K4ME3/NA19159.1.bw	H3K4ME3	.
NA19206	/project2/yangili1/bjf79/ChromatinSplicingQTLs/code/bigwigs/H3K27AC/NA19206.1.bw	H3K27AC	.
NA19140	/project2/yangili1/bjf79/ChromatinSplicingQTLs/code/bigwigs/H3K27AC/NA19140.1.bw	H3K27AC	.
NA19101	/project2/yangili1/bjf79/ChromatinSplicingQTLs/code/bigwigs/H3K27AC/NA19101.1.bw	H3K27AC	.
NA18852	/project2/yangili1/bjf79/ChromatinSplicingQTLs/code/bigwigs/H3K27AC/NA18852.1.bw	H3K27AC	.
NA18859	/project2/yangili1/bjf79/ChromatinSplicingQTLs/code/bigwigs/H3K27AC/NA18859.1.bw	H3K27AC	.
NA19092	/project2/yangili1/bjf79/ChromatinSplicingQTLs/code/bigwigs/H3K27AC/NA19092.1.bw	H3K27AC	.
NA19128	/project2/yangili1/bjf79/ChromatinSplicingQTLs/code/bigwigs/H3K27AC/NA19128.1.bw	H3K27AC	.
NA18913	/project2/yangili1/bjf79/ChromatinSplicingQTLs/code/bigwigs/H3K27AC/NA18913.1.bw	H3K27AC	.
NA18855	/project2/yangili1/bjf79/ChromatinSplicingQTLs/code/bigwigs/H3K27AC/NA18855.1.bw	H3K27AC	.
NA19127	/project2/yangili1/bjf79/ChromatinSplicingQTLs/code/bigwigs/H3K27AC/NA19127.1.bw	H3K27AC	.
NA19141	/project2/yangili1/bjf79/ChromatinSplicingQTLs/code/bigwigs/H3K27AC/NA19141.1.bw	H3K27AC	.
NA19203	/project2/yangili1/bjf79/ChromatinSplicingQTLs/code/bigwigs/H3K27AC/NA19203.1.bw	H3K27AC	.
NA18862	/project2/yangili1/bjf79/ChromatinSplicingQTLs/code/bigwigs/H3K27AC/NA18862.1.bw	H3K27AC	.
NA18505	/project2/yangili1/bjf79/ChromatinSplicingQTLs/code/bigwigs/H3K27AC/NA18505.1.bw	H3K27AC	.
NA18519	/project2/yangili1/bjf79/ChromatinSplicingQTLs/code/bigwigs/H3K27AC/NA18519.1.bw	H3K27AC	.
NA19225	/project2/yangili1/bjf79/ChromatinSplicingQTLs/code/bigwigs/H3K27AC/NA19225.1.bw	H3K27AC	.
NA18516	/project2/yangili1/bjf79/ChromatinSplicingQTLs/code/bigwigs/H3K27AC/NA18516.1.bw	H3K27AC	.
NA19102	/project2/yangili1/bjf79/ChromatinSplicingQTLs/code/bigwigs/H3K27AC/NA19102.1.bw	H3K27AC	.
NA19207	/project2/yangili1/bjf79/ChromatinSplicingQTLs/code/bigwigs/H3K27AC/NA19207.1.bw	H3K27AC	.
NA18853	/project2/yangili1/bjf79/ChromatinSplicingQTLs/code/bigwigs/H3K27AC/NA18853.1.bw	H3K27AC	.
NA18507	/project2/yangili1/bjf79/ChromatinSplicingQTLs/code/bigwigs/H3K27AC/NA18507.1.bw	H3K27AC	.
NA19137	/project2/yangili1/bjf79/ChromatinSplicingQTLs/code/bigwigs/H3K27AC/NA19137.1.bw	H3K27AC	.
NA19190	/project2/yangili1/bjf79/ChromatinSplicingQTLs/code/bigwigs/H3K27AC/NA19190.1.bw	H3K27AC	.
NA18501	/project2/yangili1/bjf79/ChromatinSplicingQTLs/code/bigwigs/H3K27AC/NA18501.1.bw	H3K27AC	.
NA18520	/project2/yangili1/bjf79/ChromatinSplicingQTLs/code/bigwigs/H3K27AC/NA18520.1.bw	H3K27AC	.
NA18499	/project2/yangili1/bjf79/ChromatinSplicingQTLs/code/bigwigs/H3K27AC/NA18499.1.bw	H3K27AC	.
NA18523	/project2/yangili1/bjf79/ChromatinSplicingQTLs/code/bigwigs/H3K27AC/NA18523.1.bw	H3K27AC	.
NA19160	/project2/yangili1/bjf79/ChromatinSplicingQTLs/code/bigwigs/H3K27AC/NA19160.1.bw	H3K27AC	.
NA19152	/project2/yangili1/bjf79/ChromatinSplicingQTLs/code/bigwigs/H3K27AC/NA19152.1.bw	H3K27AC	.
NA18912	/project2/yangili1/bjf79/ChromatinSplicingQTLs/code/bigwigs/H3K27AC/NA18912.1.bw	H3K27AC	.
NA19116	/project2/yangili1/bjf79/ChromatinSplicingQTLs/code/bigwigs/H3K27AC/NA19116.1.bw	H3K27AC	.
NA18517	/project2/yangili1/bjf79/ChromatinSplicingQTLs/code/bigwigs/H3K27AC/NA18517.1.bw	H3K27AC	.
NA19119	/project2/yangili1/bjf79/ChromatinSplicingQTLs/code/bigwigs/H3K27AC/NA19119.1.bw	H3K27AC	.
NA19114	/project2/yangili1/bjf79/ChromatinSplicingQTLs/code/bigwigs/H3K27AC/NA19114.1.bw	H3K27AC	.
NA19209	/project2/yangili1/bjf79/ChromatinSplicingQTLs/code/bigwigs/H3K27AC/NA19209.1.bw	H3K27AC	.
NA19171	/project2/yangili1/bjf79/ChromatinSplicingQTLs/code/bigwigs/H3K27AC/NA19171.1.bw	H3K27AC	.
NA18504	/project2/yangili1/bjf79/ChromatinSplicingQTLs/code/bigwigs/H3K27AC/NA18504.1.bw	H3K27AC	.
NA18870	/project2/yangili1/bjf79/ChromatinSplicingQTLs/code/bigwigs/H3K27AC/NA18870.1.bw	H3K27AC	.
NA18861	/project2/yangili1/bjf79/ChromatinSplicingQTLs/code/bigwigs/H3K27AC/NA18861.1.bw	H3K27AC	.
NA19147	/project2/yangili1/bjf79/ChromatinSplicingQTLs/code/bigwigs/H3K27AC/NA19147.1.bw	H3K27AC	.
NA18522	/project2/yangili1/bjf79/ChromatinSplicingQTLs/code/bigwigs/H3K27AC/NA18522.1.bw	H3K27AC	.
NA19098	/project2/yangili1/bjf79/ChromatinSplicingQTLs/code/bigwigs/H3K27AC/NA19098.1.bw	H3K27AC	.
NA18502	/project2/yangili1/bjf79/ChromatinSplicingQTLs/code/bigwigs/H3K27AC/NA18502.1.bw	H3K27AC	.
NA18489	/project2/yangili1/bjf79/ChromatinSplicingQTLs/code/bigwigs/H3K27AC/NA18489.1.bw	H3K27AC	.
NA19204	/project2/yangili1/bjf79/ChromatinSplicingQTLs/code/bigwigs/H3K27AC/NA19204.1.bw	H3K27AC	.
NA18511	/project2/yangili1/bjf79/ChromatinSplicingQTLs/code/bigwigs/H3K27AC/NA18511.1.bw	H3K27AC	.
NA19257	/project2/yangili1/bjf79/ChromatinSplicingQTLs/code/bigwigs/H3K27AC/NA19257.1.bw	H3K27AC	.
NA19222	/project2/yangili1/bjf79/ChromatinSplicingQTLs/code/bigwigs/H3K27AC/NA19222.1.bw	H3K27AC	.
NA19130	/project2/yangili1/bjf79/ChromatinSplicingQTLs/code/bigwigs/H3K27AC/NA19130.1.bw	H3K27AC	.
NA19200	/project2/yangili1/bjf79/ChromatinSplicingQTLs/code/bigwigs/H3K27AC/NA19200.1.bw	H3K27AC	.
NA19108	/project2/yangili1/bjf79/ChromatinSplicingQTLs/code/bigwigs/H3K27AC/NA19108.1.bw	H3K27AC	.
NA18508	/project2/yangili1/bjf79/ChromatinSplicingQTLs/code/bigwigs/H3K27AC/NA18508.1.bw	H3K27AC	.
NA19172	/project2/yangili1/bjf79/ChromatinSplicingQTLs/code/bigwigs/H3K27AC/NA19172.1.bw	H3K27AC	.
NA18909	/project2/yangili1/bjf79/ChromatinSplicingQTLs/code/bigwigs/H3K27AC/NA18909.1.bw	H3K27AC	.
NA19138	/project2/yangili1/bjf79/ChromatinSplicingQTLs/code/bigwigs/H3K27AC/NA19138.1.bw	H3K27AC	.
NA18510	/project2/yangili1/bjf79/ChromatinSplicingQTLs/code/bigwigs/H3K27AC/NA18510.1.bw	H3K27AC	.
NA18916	/project2/yangili1/bjf79/ChromatinSplicingQTLs/code/bigwigs/H3K27AC/NA18916.1.bw	H3K27AC	.
NA18498	/project2/yangili1/bjf79/ChromatinSplicingQTLs/code/bigwigs/H3K27AC/NA18498.1.bw	H3K27AC	.
NA19093	/project2/yangili1/bjf79/ChromatinSplicingQTLs/code/bigwigs/H3K27AC/NA19093.1.bw	H3K27AC	.
NA18856	/project2/yangili1/bjf79/ChromatinSplicingQTLs/code/bigwigs/H3K27AC/NA18856.1.bw	H3K27AC	.
NA19099	/project2/yangili1/bjf79/ChromatinSplicingQTLs/code/bigwigs/H3K27AC/NA19099.1.bw	H3K27AC	.
NA18907	/project2/yangili1/bjf79/ChromatinSplicingQTLs/code/bigwigs/H3K27AC/NA18907.1.bw	H3K27AC	.
NA19131	/project2/yangili1/bjf79/ChromatinSplicingQTLs/code/bigwigs/H3K27AC/NA19131.1.bw	H3K27AC	.
NA18858	/project2/yangili1/bjf79/ChromatinSplicingQTLs/code/bigwigs/H3K27AC/NA18858.1.bw	H3K27AC	.
NA19223	/project2/yangili1/bjf79/ChromatinSplicingQTLs/code/bigwigs/H3K27AC/NA19223.1.bw	H3K27AC	.
NA18871	/project2/yangili1/bjf79/ChromatinSplicingQTLs/code/bigwigs/H3K27AC/NA18871.1.bw	H3K27AC	.
NA19201	/project2/yangili1/bjf79/ChromatinSplicingQTLs/code/bigwigs/H3K27AC/NA19201.1.bw	H3K27AC	.
NA19153	/project2/yangili1/bjf79/ChromatinSplicingQTLs/code/bigwigs/H3K27AC/NA19153.1.bw	H3K27AC	.
NA19159	/project2/yangili1/bjf79/ChromatinSplicingQTLs/code/bigwigs/H3K27AC/NA19159.1.bw	H3K27AC	.
NA19144	/project2/yangili1/bjf79/ChromatinSplicingQTLs/code/bigwigs/H3K27AC/NA19144.1.bw	H3K27AC	.
NA19143	/project2/yangili1/bjf79/ChromatinSplicingQTLs/code/bigwigs/H3K27AC/NA19143.1.bw	H3K27AC	.
NA19210	/project2/yangili1/bjf79/ChromatinSplicingQTLs/code/bigwigs/H3K27AC/NA19210.1.bw	H3K27AC	.
NA19137	/project2/yangili1/bjf79/ChromatinSplicingQTLs/code/bigwigs/H3K36ME3/NA19137.1.bw	H3K36ME3	.
NA19152	/project2/yangili1/bjf79/ChromatinSplicingQTLs/code/bigwigs/H3K36ME3/NA19152.1.bw	H3K36ME3	.
NA19153	/project2/yangili1/bjf79/ChromatinSplicingQTLs/code/bigwigs/H3K36ME3/NA19153.1.bw	H3K36ME3	.
NA19171	/project2/yangili1/bjf79/ChromatinSplicingQTLs/code/bigwigs/H3K36ME3/NA19171.1.bw	H3K36ME3	.
NA19200	/project2/yangili1/bjf79/ChromatinSplicingQTLs/code/bigwigs/H3K36ME3/NA19200.1.bw	H3K36ME3	.
NA19160	/project2/yangili1/bjf79/ChromatinSplicingQTLs/code/bigwigs/H3K36ME3/NA19160.1.bw	H3K36ME3	.
NA19092	/project2/yangili1/bjf79/ChromatinSplicingQTLs/code/bigwigs/H3K36ME3/NA19092.1.bw	H3K36ME3	.
NA19210	/project2/yangili1/bjf79/ChromatinSplicingQTLs/code/bigwigs/H3K36ME3/NA19210.1.bw	H3K36ME3	.
NA19119	/project2/yangili1/bjf79/ChromatinSplicingQTLs/code/bigwigs/H3K36ME3/NA19119.1.bw	H3K36ME3	.
NA18909	/project2/yangili1/bjf79/ChromatinSplicingQTLs/code/bigwigs/H3K36ME3/NA18909.1.bw	H3K36ME3	.
NA18912	/project2/yangili1/bjf79/ChromatinSplicingQTLs/code/bigwigs/H3K36ME3/NA18912.1.bw	H3K36ME3	.
NA19131	/project2/yangili1/bjf79/ChromatinSplicingQTLs/code/bigwigs/H3K36ME3/NA19131.1.bw	H3K36ME3	.
NA19130	/project2/yangili1/bjf79/ChromatinSplicingQTLs/code/bigwigs/H3K36ME3/NA19130.1.bw	H3K36ME3	.
NA18519	/project2/yangili1/bjf79/ChromatinSplicingQTLs/code/bigwigs/H3K36ME3/NA18519.1.bw	H3K36ME3	.
NA19093	/project2/yangili1/bjf79/ChromatinSplicingQTLs/code/bigwigs/H3K36ME3/NA19093.1.bw	H3K36ME3	.
NA18511	/project2/yangili1/bjf79/ChromatinSplicingQTLs/code/bigwigs/H3K36ME3/NA18511.1.bw	H3K36ME3	.
NA18858	/project2/yangili1/bjf79/ChromatinSplicingQTLs/code/bigwigs/H3K36ME3/NA18858.1.bw	H3K36ME3	.
NA19138	/project2/yangili1/bjf79/ChromatinSplicingQTLs/code/bigwigs/H3K36ME3/NA19138.1.bw	H3K36ME3	.
NA18913	/project2/yangili1/bjf79/ChromatinSplicingQTLs/code/bigwigs/H3K36ME3/NA18913.1.bw	H3K36ME3	.
NA19101	/project2/yangili1/bjf79/ChromatinSplicingQTLs/code/bigwigs/H3K36ME3/NA19101.1.bw	H3K36ME3	.
NA18861	/project2/yangili1/bjf79/ChromatinSplicingQTLs/code/bigwigs/H3K36ME3/NA18861.1.bw	H3K36ME3	.
NA18907	/project2/yangili1/bjf79/ChromatinSplicingQTLs/code/bigwigs/H3K36ME3/NA18907.1.bw	H3K36ME3	.
NA19102	/project2/yangili1/bjf79/ChromatinSplicingQTLs/code/bigwigs/H3K36ME3/NA19102.1.bw	H3K36ME3	.
NA19114	/project2/yangili1/bjf79/ChromatinSplicingQTLs/code/bigwigs/H3K36ME3/NA19114.1.bw	H3K36ME3	.
NA19127	/project2/yangili1/bjf79/ChromatinSplicingQTLs/code/bigwigs/H3K36ME3/NA19127.1.bw	H3K36ME3	.
NA19190	/project2/yangili1/bjf79/ChromatinSplicingQTLs/code/bigwigs/H3K36ME3/NA19190.1.bw	H3K36ME3	.
NA18852	/project2/yangili1/bjf79/ChromatinSplicingQTLs/code/bigwigs/H3K36ME3/NA18852.1.bw	H3K36ME3	.
NA18486	/project2/yangili1/bjf79/ChromatinSplicingQTLs/code/bigwigs/H3K36ME3/NA18486.1.bw	H3K36ME3	.
NA18499	/project2/yangili1/bjf79/ChromatinSplicingQTLs/code/bigwigs/H3K36ME3/NA18499.1.bw	H3K36ME3	.
NA19201	/project2/yangili1/bjf79/ChromatinSplicingQTLs/code/bigwigs/H3K36ME3/NA19201.1.bw	H3K36ME3	.
NA19140	/project2/yangili1/bjf79/ChromatinSplicingQTLs/code/bigwigs/H3K36ME3/NA19140.1.bw	H3K36ME3	.
NA18855	/project2/yangili1/bjf79/ChromatinSplicingQTLs/code/bigwigs/H3K36ME3/NA18855.1.bw	H3K36ME3	.
NA18522	/project2/yangili1/bjf79/ChromatinSplicingQTLs/code/bigwigs/H3K36ME3/NA18522.1.bw	H3K36ME3	.
NA18505	/project2/yangili1/bjf79/ChromatinSplicingQTLs/code/bigwigs/H3K36ME3/NA18505.1.bw	H3K36ME3	.
NA18508	/project2/yangili1/bjf79/ChromatinSplicingQTLs/code/bigwigs/H3K36ME3/NA18508.1.bw	H3K36ME3	.
NA19128	/project2/yangili1/bjf79/ChromatinSplicingQTLs/code/bigwigs/H3K36ME3/NA19128.1.bw	H3K36ME3	.
NA19238	/project2/yangili1/bjf79/ChromatinSplicingQTLs/code/bigwigs/H3K36ME3/NA19238.1.bw	H3K36ME3	.
NA19257	/project2/yangili1/bjf79/ChromatinSplicingQTLs/code/bigwigs/H3K36ME3/NA19257.1.bw	H3K36ME3	.
NA18520	/project2/yangili1/bjf79/ChromatinSplicingQTLs/code/bigwigs/H3K36ME3/NA18520.1.bw	H3K36ME3	.
NA18497	/project2/yangili1/bjf79/ChromatinSplicingQTLs/code/bigwigs/H3K36ME3/NA18497.1.bw	H3K36ME3	.
NA19209	/project2/yangili1/bjf79/ChromatinSplicingQTLs/code/bigwigs/H3K36ME3/NA19209.1.bw	H3K36ME3	.
NA19225	/project2/yangili1/bjf79/ChromatinSplicingQTLs/code/bigwigs/H3K36ME3/NA19225.1.bw	H3K36ME3	.
NA19207	/project2/yangili1/bjf79/ChromatinSplicingQTLs/code/bigwigs/H3K36ME3/NA19207.1.bw	H3K36ME3	.
NA19195	/project2/yangili1/bjf79/ChromatinSplicingQTLs/code/bigwigs/H3K36ME3/NA19195.1.bw	H3K36ME3	.
NA19193	/project2/yangili1/bjf79/ChromatinSplicingQTLs/code/bigwigs/H3K36ME3/NA19193.1.bw	H3K36ME3	.
NA19184	/project2/yangili1/bjf79/ChromatinSplicingQTLs/code/bigwigs/H3K36ME3/NA19184.1.bw	H3K36ME3	.
NA18498	/project2/yangili1/bjf79/ChromatinSplicingQTLs/code/bigwigs/H3K36ME3/NA18498.1.bw	H3K36ME3	.
NA18924	/project2/yangili1/bjf79/ChromatinSplicingQTLs/code/bigwigs/H3K36ME3/NA18924.1.bw	H3K36ME3	.
NA19146	/project2/yangili1/bjf79/ChromatinSplicingQTLs/code/bigwigs/H3K36ME3/NA19146.1.bw	H3K36ME3	.
NA19150	/project2/yangili1/bjf79/ChromatinSplicingQTLs/code/bigwigs/H3K36ME3/NA19150.1.bw	H3K36ME3	.
NA19096	/project2/yangili1/bjf79/ChromatinSplicingQTLs/code/bigwigs/H3K36ME3/NA19096.1.bw	H3K36ME3	.
NA19198	/project2/yangili1/bjf79/ChromatinSplicingQTLs/code/bigwigs/H3K36ME3/NA19198.1.bw	H3K36ME3	.
NA18504	/project2/yangili1/bjf79/ChromatinSplicingQTLs/code/bigwigs/H3K36ME3/NA18504.1.bw	H3K36ME3	.
NA18516	/project2/yangili1/bjf79/ChromatinSplicingQTLs/code/bigwigs/H3K36ME3/NA18516.1.bw	H3K36ME3	.
NA18862	/project2/yangili1/bjf79/ChromatinSplicingQTLs/code/bigwigs/H3K36ME3/NA18862.1.bw	H3K36ME3	.
NA19203	/project2/yangili1/bjf79/ChromatinSplicingQTLs/code/bigwigs/H3K36ME3/NA19203.1.bw	H3K36ME3	.
NA18510	/project2/yangili1/bjf79/ChromatinSplicingQTLs/code/bigwigs/H3K36ME3/NA18510.1.bw	H3K36ME3	.
NA19147	/project2/yangili1/bjf79/ChromatinSplicingQTLs/code/bigwigs/H3K36ME3/NA19147.1.bw	H3K36ME3	.
NA18853	/project2/yangili1/bjf79/ChromatinSplicingQTLs/code/bigwigs/H3K36ME3/NA18853.1.bw	H3K36ME3	.
NA18502	/project2/yangili1/bjf79/ChromatinSplicingQTLs/code/bigwigs/H3K36ME3/NA18502.1.bw	H3K36ME3	.
NA19196	/project2/yangili1/bjf79/ChromatinSplicingQTLs/code/bigwigs/H3K36ME3/NA19196.1.bw	H3K36ME3	.
NA19117	/project2/yangili1/bjf79/ChromatinSplicingQTLs/code/bigwigs/H3K36ME3/NA19117.1.bw	H3K36ME3	.
NA19206	/project2/yangili1/bjf79/ChromatinSplicingQTLs/code/bigwigs/H3K36ME3/NA19206.1.bw	H3K36ME3	.
NA19214	/project2/yangili1/bjf79/ChromatinSplicingQTLs/code/bigwigs/H3K36ME3/NA19214.1.bw	H3K36ME3	.
NA18923	/project2/yangili1/bjf79/ChromatinSplicingQTLs/code/bigwigs/H3K36ME3/NA18923.1.bw	H3K36ME3	.
NA18934	/project2/yangili1/bjf79/ChromatinSplicingQTLs/code/bigwigs/H3K36ME3/NA18934.1.bw	H3K36ME3	.
NA18917	/project2/yangili1/bjf79/ChromatinSplicingQTLs/code/bigwigs/H3K36ME3/NA18917.1.bw	H3K36ME3	.
NA18507	/project2/yangili1/bjf79/ChromatinSplicingQTLs/code/bigwigs/H3K36ME3/NA18507.1.bw	H3K36ME3	.
NA18523	/project2/yangili1/bjf79/ChromatinSplicingQTLs/code/bigwigs/H3K36ME3/NA18523.1.bw	H3K36ME3	.
NA18867	/project2/yangili1/bjf79/ChromatinSplicingQTLs/code/bigwigs/H3K36ME3/NA18867.1.bw	H3K36ME3	.
NA19223	/project2/yangili1/bjf79/ChromatinSplicingQTLs/code/bigwigs/H3K36ME3/NA19223.1.bw	H3K36ME3	.
NA19247	/project2/yangili1/bjf79/ChromatinSplicingQTLs/code/bigwigs/H3K36ME3/NA19247.1.bw	H3K36ME3	.
NA18915	/project2/yangili1/bjf79/ChromatinSplicingQTLs/code/bigwigs/H3K36ME3/NA18915.1.bw	H3K36ME3	.
NA19122	/project2/yangili1/bjf79/ChromatinSplicingQTLs/code/bigwigs/H3K36ME3/NA19122.1.bw	H3K36ME3	.
NA18864	/project2/yangili1/bjf79/ChromatinSplicingQTLs/code/bigwigs/H3K36ME3/NA18864.1.bw	H3K36ME3	.
NA18881	/project2/yangili1/bjf79/ChromatinSplicingQTLs/code/bigwigs/H3K36ME3/NA18881.1.bw	H3K36ME3	.
NA18877	/project2/yangili1/bjf79/ChromatinSplicingQTLs/code/bigwigs/H3K36ME3/NA18877.1.bw	H3K36ME3	.
NA19095	/project2/yangili1/bjf79/ChromatinSplicingQTLs/code/bigwigs/H3K36ME3/NA19095.1.bw	H3K36ME3	.
NA18879	/project2/yangili1/bjf79/ChromatinSplicingQTLs/code/bigwigs/H3K36ME3/NA18879.1.bw	H3K36ME3	.
NA19236	/project2/yangili1/bjf79/ChromatinSplicingQTLs/code/bigwigs/H3K36ME3/NA19236.1.bw	H3K36ME3	.
NA18868	/project2/yangili1/bjf79/ChromatinSplicingQTLs/code/bigwigs/H3K36ME3/NA18868.1.bw	H3K36ME3	.
NA19159	/project2/yangili1/bjf79/ChromatinSplicingQTLs/code/bigwigs/H3K36ME3/NA19159.1.bw	H3K36ME3	.
NA18870	/project2/yangili1/bjf79/ChromatinSplicingQTLs/code/bigwigs/H3K36ME3/NA18870.1.bw	H3K36ME3	.
NA19239	/project2/yangili1/bjf79/ChromatinSplicingQTLs/code/bigwigs/H3K36ME3/NA19239.1.bw	H3K36ME3	.
NA18910	/project2/yangili1/bjf79/ChromatinSplicingQTLs/code/bigwigs/H3K36ME3/NA18910.1.bw	H3K36ME3	.
NA18876	/project2/yangili1/bjf79/ChromatinSplicingQTLs/code/bigwigs/H3K36ME3/NA18876.1.bw	H3K36ME3	.
NA19108	/project2/yangili1/bjf79/ChromatinSplicingQTLs/code/bigwigs/H3K36ME3/NA19108.1.bw	H3K36ME3	.
NA19141	/project2/yangili1/bjf79/ChromatinSplicingQTLs/code/bigwigs/H3K36ME3/NA19141.1.bw	H3K36ME3	.
NA19098	/project2/yangili1/bjf79/ChromatinSplicingQTLs/code/bigwigs/H3K36ME3/NA19098.1.bw	H3K36ME3	.
NA19213	/project2/yangili1/bjf79/ChromatinSplicingQTLs/code/bigwigs/H3K36ME3/NA19213.1.bw	H3K36ME3	.
NA19121	/project2/yangili1/bjf79/ChromatinSplicingQTLs/code/bigwigs/H3K36ME3/NA19121.1.bw	H3K36ME3	.
NA19107	/project2/yangili1/bjf79/ChromatinSplicingQTLs/code/bigwigs/H3K36ME3/NA19107.1.bw	H3K36ME3	.
NA19118	/project2/yangili1/bjf79/ChromatinSplicingQTLs/code/bigwigs/H3K36ME3/NA19118.1.bw	H3K36ME3	.
NA19143	/project2/yangili1/bjf79/ChromatinSplicingQTLs/code/bigwigs/H3K36ME3/NA19143.1.bw	H3K36ME3	.
NA12005	/project2/yangili1/bjf79/ChromatinSplicingQTLs/code/bigwigs/CTCF/NA12005.1.bw	CTCF	.
NA12006	/project2/yangili1/bjf79/ChromatinSplicingQTLs/code/bigwigs/CTCF/NA12006.1.bw	CTCF	.
NA11992	/project2/yangili1/bjf79/ChromatinSplicingQTLs/code/bigwigs/CTCF/NA11992.1.bw	CTCF	.
NA11994	/project2/yangili1/bjf79/ChromatinSplicingQTLs/code/bigwigs/CTCF/NA11994.1.bw	CTCF	.
NA11894	/project2/yangili1/bjf79/ChromatinSplicingQTLs/code/bigwigs/CTCF/NA11894.1.bw	CTCF	.
NA11918	/project2/yangili1/bjf79/ChromatinSplicingQTLs/code/bigwigs/CTCF/NA11918.1.bw	CTCF	.
NA11832	/project2/yangili1/bjf79/ChromatinSplicingQTLs/code/bigwigs/CTCF/NA11832.1.bw	CTCF	.
NA11881	/project2/yangili1/bjf79/ChromatinSplicingQTLs/code/bigwigs/CTCF/NA11881.1.bw	CTCF	.
NA12234	/project2/yangili1/bjf79/ChromatinSplicingQTLs/code/bigwigs/CTCF/NA12234.1.bw	CTCF	.
NA12249	/project2/yangili1/bjf79/ChromatinSplicingQTLs/code/bigwigs/CTCF/NA12249.1.bw	CTCF	.
NA12749	/project2/yangili1/bjf79/ChromatinSplicingQTLs/code/bigwigs/CTCF/NA12749.1.bw	CTCF	.
NA12812	/project2/yangili1/bjf79/ChromatinSplicingQTLs/code/bigwigs/CTCF/NA12812.1.bw	CTCF	.
NA12762	/project2/yangili1/bjf79/ChromatinSplicingQTLs/code/bigwigs/CTCF/NA12762.1.bw	CTCF	.
NA12763	/project2/yangili1/bjf79/ChromatinSplicingQTLs/code/bigwigs/CTCF/NA12763.1.bw	CTCF	.
NA12814	/project2/yangili1/bjf79/ChromatinSplicingQTLs/code/bigwigs/CTCF/NA12814.1.bw	CTCF	.
NA12815	/project2/yangili1/bjf79/ChromatinSplicingQTLs/code/bigwigs/CTCF/NA12815.1.bw	CTCF	.
NA12828	/project2/yangili1/bjf79/ChromatinSplicingQTLs/code/bigwigs/CTCF/NA12828.1.bw	CTCF	.
NA12872	/project2/yangili1/bjf79/ChromatinSplicingQTLs/code/bigwigs/CTCF/NA12872.1.bw	CTCF	.
NA11830	/project2/yangili1/bjf79/ChromatinSplicingQTLs/code/bigwigs/CTCF/NA11830.1.bw	CTCF	.
NA11840	/project2/yangili1/bjf79/ChromatinSplicingQTLs/code/bigwigs/CTCF/NA11840.1.bw	CTCF	.
NA11920	/project2/yangili1/bjf79/ChromatinSplicingQTLs/code/bigwigs/CTCF/NA11920.1.bw	CTCF	.
NA11993	/project2/yangili1/bjf79/ChromatinSplicingQTLs/code/bigwigs/CTCF/NA11993.1.bw	CTCF	.
NA11995	/project2/yangili1/bjf79/ChromatinSplicingQTLs/code/bigwigs/CTCF/NA11995.1.bw	CTCF	.
NA12043	/project2/yangili1/bjf79/ChromatinSplicingQTLs/code/bigwigs/CTCF/NA12043.1.bw	CTCF	.
NA12144	/project2/yangili1/bjf79/ChromatinSplicingQTLs/code/bigwigs/CTCF/NA12144.1.bw	CTCF	.
NA12750	/project2/yangili1/bjf79/ChromatinSplicingQTLs/code/bigwigs/CTCF/NA12750.1.bw	CTCF	.
NA12760	/project2/yangili1/bjf79/ChromatinSplicingQTLs/code/bigwigs/CTCF/NA12760.1.bw	CTCF	.
NA12874	/project2/yangili1/bjf79/ChromatinSplicingQTLs/code/bigwigs/CTCF/NA12874.1.bw	CTCF	.
NA12891	/project2/yangili1/bjf79/ChromatinSplicingQTLs/code/bigwigs/CTCF/NA12891.1.bw	CTCF	.
NA07051	/project2/yangili1/bjf79/ChromatinSplicingQTLs/code/bigwigs/CTCF/NA07051.1.bw	CTCF	.
NA11931	/project2/yangili1/bjf79/ChromatinSplicingQTLs/code/bigwigs/CTCF/NA11931.1.bw	CTCF	.
NA12003	/project2/yangili1/bjf79/ChromatinSplicingQTLs/code/bigwigs/CTCF/NA12003.1.bw	CTCF	.
NA06986	/project2/yangili1/bjf79/ChromatinSplicingQTLs/code/bigwigs/CTCF/NA06986.1.bw	CTCF	.
NA07037	/project2/yangili1/bjf79/ChromatinSplicingQTLs/code/bigwigs/CTCF/NA07037.1.bw	CTCF	.
NA07346	/project2/yangili1/bjf79/ChromatinSplicingQTLs/code/bigwigs/CTCF/NA07346.1.bw	CTCF	.
NA07357	/project2/yangili1/bjf79/ChromatinSplicingQTLs/code/bigwigs/CTCF/NA07357.1.bw	CTCF	.
NA11831	/project2/yangili1/bjf79/ChromatinSplicingQTLs/code/bigwigs/CTCF/NA11831.1.bw	CTCF	.
NA12761	/project2/yangili1/bjf79/ChromatinSplicingQTLs/code/bigwigs/CTCF/NA12761.1.bw	CTCF	.
NA12892	/project2/yangili1/bjf79/ChromatinSplicingQTLs/code/bigwigs/CTCF/NA12892.1.bw	CTCF	.
NA11829	/project2/yangili1/bjf79/ChromatinSplicingQTLs/code/bigwigs/CTCF/NA11829.1.bw	CTCF	.
NA12155	/project2/yangili1/bjf79/ChromatinSplicingQTLs/code/bigwigs/CTCF/NA12155.1.bw	CTCF	.
NA12154	/project2/yangili1/bjf79/ChromatinSplicingQTLs/code/bigwigs/CTCF/NA12154.1.bw	CTCF	.
NA12287	/project2/yangili1/bjf79/ChromatinSplicingQTLs/code/bigwigs/CTCF/NA12287.1.bw	CTCF	.
NA12489	/project2/yangili1/bjf79/ChromatinSplicingQTLs/code/bigwigs/CTCF/NA12489.1.bw	CTCF	.
NA12776	/project2/yangili1/bjf79/ChromatinSplicingQTLs/code/bigwigs/CTCF/NA12776.1.bw	CTCF	.
NA12813	/project2/yangili1/bjf79/ChromatinSplicingQTLs/code/bigwigs/CTCF/NA12813.1.bw	CTCF	.
NA12045	/project2/yangili1/bjf79/ChromatinSplicingQTLs/code/bigwigs/CTCF/NA12045.1.bw	CTCF	.
NA12156	/project2/yangili1/bjf79/ChromatinSplicingQTLs/code/bigwigs/CTCF/NA12156.1.bw	CTCF	.
NA12751	/project2/yangili1/bjf79/ChromatinSplicingQTLs/code/bigwigs/CTCF/NA12751.1.bw	CTCF	.
NA12873	/project2/yangili1/bjf79/ChromatinSplicingQTLs/code/bigwigs/CTCF/NA12873.1.bw	CTCF	.
NA18486	/project2/yangili1/bjf79/ChromatinSplicingQTLs/code/bigwigs/Expression.Splicing/NA18486.1.bw	polyA.RNA	.
NA18487	/project2/yangili1/bjf79/ChromatinSplicingQTLs/code/bigwigs/Expression.Splicing/NA18487.1.bw	polyA.RNA	.
NA18488	/project2/yangili1/bjf79/ChromatinSplicingQTLs/code/bigwigs/Expression.Splicing/NA18488.1.bw	polyA.RNA	.
NA18489	/project2/yangili1/bjf79/ChromatinSplicingQTLs/code/bigwigs/Expression.Splicing/NA18489.1.bw	polyA.RNA	.
NA18498	/project2/yangili1/bjf79/ChromatinSplicingQTLs/code/bigwigs/Expression.Splicing/NA18498.1.bw	polyA.RNA	.
NA18499	/project2/yangili1/bjf79/ChromatinSplicingQTLs/code/bigwigs/Expression.Splicing/NA18499.1.bw	polyA.RNA	.
NA18502	/project2/yangili1/bjf79/ChromatinSplicingQTLs/code/bigwigs/Expression.Splicing/NA18502.1.bw	polyA.RNA	.
NA18505	/project2/yangili1/bjf79/ChromatinSplicingQTLs/code/bigwigs/Expression.Splicing/NA18505.1.bw	polyA.RNA	.
NA18508	/project2/yangili1/bjf79/ChromatinSplicingQTLs/code/bigwigs/Expression.Splicing/NA18508.1.bw	polyA.RNA	.
NA18510	/project2/yangili1/bjf79/ChromatinSplicingQTLs/code/bigwigs/Expression.Splicing/NA18510.1.bw	polyA.RNA	.
NA18511	/project2/yangili1/bjf79/ChromatinSplicingQTLs/code/bigwigs/Expression.Splicing/NA18511.1.bw	polyA.RNA	.
NA18517	/project2/yangili1/bjf79/ChromatinSplicingQTLs/code/bigwigs/Expression.Splicing/NA18517.1.bw	polyA.RNA	.
NA18519	/project2/yangili1/bjf79/ChromatinSplicingQTLs/code/bigwigs/Expression.Splicing/NA18519.1.bw	polyA.RNA	.
NA18520	/project2/yangili1/bjf79/ChromatinSplicingQTLs/code/bigwigs/Expression.Splicing/NA18520.1.bw	polyA.RNA	.
NA18858	/project2/yangili1/bjf79/ChromatinSplicingQTLs/code/bigwigs/Expression.Splicing/NA18858.1.bw	polyA.RNA	.
NA18861	/project2/yangili1/bjf79/ChromatinSplicingQTLs/code/bigwigs/Expression.Splicing/NA18861.1.bw	polyA.RNA	.
NA18867	/project2/yangili1/bjf79/ChromatinSplicingQTLs/code/bigwigs/Expression.Splicing/NA18867.1.bw	polyA.RNA	.
NA18868	/project2/yangili1/bjf79/ChromatinSplicingQTLs/code/bigwigs/Expression.Splicing/NA18868.1.bw	polyA.RNA	.
NA18870	/project2/yangili1/bjf79/ChromatinSplicingQTLs/code/bigwigs/Expression.Splicing/NA18870.1.bw	polyA.RNA	.
NA18873	/project2/yangili1/bjf79/ChromatinSplicingQTLs/code/bigwigs/Expression.Splicing/NA18873.1.bw	polyA.RNA	.
NA18907	/project2/yangili1/bjf79/ChromatinSplicingQTLs/code/bigwigs/Expression.Splicing/NA18907.1.bw	polyA.RNA	.
NA18908	/project2/yangili1/bjf79/ChromatinSplicingQTLs/code/bigwigs/Expression.Splicing/NA18908.1.bw	polyA.RNA	.
NA18909	/project2/yangili1/bjf79/ChromatinSplicingQTLs/code/bigwigs/Expression.Splicing/NA18909.1.bw	polyA.RNA	.
NA18910	/project2/yangili1/bjf79/ChromatinSplicingQTLs/code/bigwigs/Expression.Splicing/NA18910.1.bw	polyA.RNA	.
NA18912	/project2/yangili1/bjf79/ChromatinSplicingQTLs/code/bigwigs/Expression.Splicing/NA18912.1.bw	polyA.RNA	.
NA18916	/project2/yangili1/bjf79/ChromatinSplicingQTLs/code/bigwigs/Expression.Splicing/NA18916.1.bw	polyA.RNA	.
NA18917	/project2/yangili1/bjf79/ChromatinSplicingQTLs/code/bigwigs/Expression.Splicing/NA18917.1.bw	polyA.RNA	.
NA18923	/project2/yangili1/bjf79/ChromatinSplicingQTLs/code/bigwigs/Expression.Splicing/NA18923.1.bw	polyA.RNA	.
NA18933	/project2/yangili1/bjf79/ChromatinSplicingQTLs/code/bigwigs/Expression.Splicing/NA18933.1.bw	polyA.RNA	.
NA18934	/project2/yangili1/bjf79/ChromatinSplicingQTLs/code/bigwigs/Expression.Splicing/NA18934.1.bw	polyA.RNA	.
NA19092	/project2/yangili1/bjf79/ChromatinSplicingQTLs/code/bigwigs/Expression.Splicing/NA19092.1.bw	polyA.RNA	.
NA19093	/project2/yangili1/bjf79/ChromatinSplicingQTLs/code/bigwigs/Expression.Splicing/NA19093.1.bw	polyA.RNA	.
NA19095	/project2/yangili1/bjf79/ChromatinSplicingQTLs/code/bigwigs/Expression.Splicing/NA19095.1.bw	polyA.RNA	.
NA19096	/project2/yangili1/bjf79/ChromatinSplicingQTLs/code/bigwigs/Expression.Splicing/NA19096.1.bw	polyA.RNA	.
NA19098	/project2/yangili1/bjf79/ChromatinSplicingQTLs/code/bigwigs/Expression.Splicing/NA19098.1.bw	polyA.RNA	.
NA19099	/project2/yangili1/bjf79/ChromatinSplicingQTLs/code/bigwigs/Expression.Splicing/NA19099.1.bw	polyA.RNA	.
NA19102	/project2/yangili1/bjf79/ChromatinSplicingQTLs/code/bigwigs/Expression.Splicing/NA19102.1.bw	polyA.RNA	.
NA19107	/project2/yangili1/bjf79/ChromatinSplicingQTLs/code/bigwigs/Expression.Splicing/NA19107.1.bw	polyA.RNA	.
NA19108	/project2/yangili1/bjf79/ChromatinSplicingQTLs/code/bigwigs/Expression.Splicing/NA19108.1.bw	polyA.RNA	.
NA19113	/project2/yangili1/bjf79/ChromatinSplicingQTLs/code/bigwigs/Expression.Splicing/NA19113.1.bw	polyA.RNA	.
NA19114	/project2/yangili1/bjf79/ChromatinSplicingQTLs/code/bigwigs/Expression.Splicing/NA19114.1.bw	polyA.RNA	.
NA19116	/project2/yangili1/bjf79/ChromatinSplicingQTLs/code/bigwigs/Expression.Splicing/NA19116.1.bw	polyA.RNA	.
NA19117	/project2/yangili1/bjf79/ChromatinSplicingQTLs/code/bigwigs/Expression.Splicing/NA19117.1.bw	polyA.RNA	.
NA19118	/project2/yangili1/bjf79/ChromatinSplicingQTLs/code/bigwigs/Expression.Splicing/NA19118.1.bw	polyA.RNA	.
NA19119	/project2/yangili1/bjf79/ChromatinSplicingQTLs/code/bigwigs/Expression.Splicing/NA19119.1.bw	polyA.RNA	.
NA19121	/project2/yangili1/bjf79/ChromatinSplicingQTLs/code/bigwigs/Expression.Splicing/NA19121.1.bw	polyA.RNA	.
NA19129	/project2/yangili1/bjf79/ChromatinSplicingQTLs/code/bigwigs/Expression.Splicing/NA19129.1.bw	polyA.RNA	.
NA19130	/project2/yangili1/bjf79/ChromatinSplicingQTLs/code/bigwigs/Expression.Splicing/NA19130.1.bw	polyA.RNA	.
NA19131	/project2/yangili1/bjf79/ChromatinSplicingQTLs/code/bigwigs/Expression.Splicing/NA19131.1.bw	polyA.RNA	.
NA19137	/project2/yangili1/bjf79/ChromatinSplicingQTLs/code/bigwigs/Expression.Splicing/NA19137.1.bw	polyA.RNA	.
NA19138	/project2/yangili1/bjf79/ChromatinSplicingQTLs/code/bigwigs/Expression.Splicing/NA19138.1.bw	polyA.RNA	.
NA19141	/project2/yangili1/bjf79/ChromatinSplicingQTLs/code/bigwigs/Expression.Splicing/NA19141.1.bw	polyA.RNA	.
NA19143	/project2/yangili1/bjf79/ChromatinSplicingQTLs/code/bigwigs/Expression.Splicing/NA19143.1.bw	polyA.RNA	.
NA19144	/project2/yangili1/bjf79/ChromatinSplicingQTLs/code/bigwigs/Expression.Splicing/NA19144.1.bw	polyA.RNA	.
NA19146	/project2/yangili1/bjf79/ChromatinSplicingQTLs/code/bigwigs/Expression.Splicing/NA19146.1.bw	polyA.RNA	.
NA19147	/project2/yangili1/bjf79/ChromatinSplicingQTLs/code/bigwigs/Expression.Splicing/NA19147.1.bw	polyA.RNA	.
NA19149	/project2/yangili1/bjf79/ChromatinSplicingQTLs/code/bigwigs/Expression.Splicing/NA19149.1.bw	polyA.RNA	.
NA19150	/project2/yangili1/bjf79/ChromatinSplicingQTLs/code/bigwigs/Expression.Splicing/NA19150.1.bw	polyA.RNA	.
NA19152	/project2/yangili1/bjf79/ChromatinSplicingQTLs/code/bigwigs/Expression.Splicing/NA19152.1.bw	polyA.RNA	.
NA19153	/project2/yangili1/bjf79/ChromatinSplicingQTLs/code/bigwigs/Expression.Splicing/NA19153.1.bw	polyA.RNA	.
NA19159	/project2/yangili1/bjf79/ChromatinSplicingQTLs/code/bigwigs/Expression.Splicing/NA19159.1.bw	polyA.RNA	.
NA19160	/project2/yangili1/bjf79/ChromatinSplicingQTLs/code/bigwigs/Expression.Splicing/NA19160.1.bw	polyA.RNA	.
NA19171	/project2/yangili1/bjf79/ChromatinSplicingQTLs/code/bigwigs/Expression.Splicing/NA19171.1.bw	polyA.RNA	.
NA19172	/project2/yangili1/bjf79/ChromatinSplicingQTLs/code/bigwigs/Expression.Splicing/NA19172.1.bw	polyA.RNA	.
NA19175	/project2/yangili1/bjf79/ChromatinSplicingQTLs/code/bigwigs/Expression.Splicing/NA19175.1.bw	polyA.RNA	.
NA19184	/project2/yangili1/bjf79/ChromatinSplicingQTLs/code/bigwigs/Expression.Splicing/NA19184.1.bw	polyA.RNA	.
NA19185	/project2/yangili1/bjf79/ChromatinSplicingQTLs/code/bigwigs/Expression.Splicing/NA19185.1.bw	polyA.RNA	.
NA19189	/project2/yangili1/bjf79/ChromatinSplicingQTLs/code/bigwigs/Expression.Splicing/NA19189.1.bw	polyA.RNA	.
NA19190	/project2/yangili1/bjf79/ChromatinSplicingQTLs/code/bigwigs/Expression.Splicing/NA19190.1.bw	polyA.RNA	.
NA19197	/project2/yangili1/bjf79/ChromatinSplicingQTLs/code/bigwigs/Expression.Splicing/NA19197.1.bw	polyA.RNA	.
NA19198	/project2/yangili1/bjf79/ChromatinSplicingQTLs/code/bigwigs/Expression.Splicing/NA19198.1.bw	polyA.RNA	.
NA19200	/project2/yangili1/bjf79/ChromatinSplicingQTLs/code/bigwigs/Expression.Splicing/NA19200.1.bw	polyA.RNA	.
NA19201	/project2/yangili1/bjf79/ChromatinSplicingQTLs/code/bigwigs/Expression.Splicing/NA19201.1.bw	polyA.RNA	.
NA19204	/project2/yangili1/bjf79/ChromatinSplicingQTLs/code/bigwigs/Expression.Splicing/NA19204.1.bw	polyA.RNA	.
NA19206	/project2/yangili1/bjf79/ChromatinSplicingQTLs/code/bigwigs/Expression.Splicing/NA19206.1.bw	polyA.RNA	.
NA19207	/project2/yangili1/bjf79/ChromatinSplicingQTLs/code/bigwigs/Expression.Splicing/NA19207.1.bw	polyA.RNA	.
NA19209	/project2/yangili1/bjf79/ChromatinSplicingQTLs/code/bigwigs/Expression.Splicing/NA19209.1.bw	polyA.RNA	.
NA19210	/project2/yangili1/bjf79/ChromatinSplicingQTLs/code/bigwigs/Expression.Splicing/NA19210.1.bw	polyA.RNA	.
NA19213	/project2/yangili1/bjf79/ChromatinSplicingQTLs/code/bigwigs/Expression.Splicing/NA19213.1.bw	polyA.RNA	.
NA19214	/project2/yangili1/bjf79/ChromatinSplicingQTLs/code/bigwigs/Expression.Splicing/NA19214.1.bw	polyA.RNA	.
NA19222	/project2/yangili1/bjf79/ChromatinSplicingQTLs/code/bigwigs/Expression.Splicing/NA19222.1.bw	polyA.RNA	.
NA19223	/project2/yangili1/bjf79/ChromatinSplicingQTLs/code/bigwigs/Expression.Splicing/NA19223.1.bw	polyA.RNA	.
NA19225	/project2/yangili1/bjf79/ChromatinSplicingQTLs/code/bigwigs/Expression.Splicing/NA19225.1.bw	polyA.RNA	.
NA19235	/project2/yangili1/bjf79/ChromatinSplicingQTLs/code/bigwigs/Expression.Splicing/NA19235.1.bw	polyA.RNA	.
NA19236	/project2/yangili1/bjf79/ChromatinSplicingQTLs/code/bigwigs/Expression.Splicing/NA19236.1.bw	polyA.RNA	.
NA19247	/project2/yangili1/bjf79/ChromatinSplicingQTLs/code/bigwigs/Expression.Splicing/NA19247.1.bw	polyA.RNA	.
NA19248	/project2/yangili1/bjf79/ChromatinSplicingQTLs/code/bigwigs/Expression.Splicing/NA19248.1.bw	polyA.RNA	.
NA19256	/project2/yangili1/bjf79/ChromatinSplicingQTLs/code/bigwigs/Expression.Splicing/NA19256.1.bw	polyA.RNA	.
NA19257	/project2/yangili1/bjf79/ChromatinSplicingQTLs/code/bigwigs/Expression.Splicing/NA19257.1.bw	polyA.RNA	.
NA18502	/project2/yangili1/bjf79/ChromatinSplicingQTLs/code/bigwigs/ProCap/NA18502.1.bw	ProCap	.
NA18507	/project2/yangili1/bjf79/ChromatinSplicingQTLs/code/bigwigs/ProCap/NA18507.1.bw	ProCap	.
NA18852	/project2/yangili1/bjf79/ChromatinSplicingQTLs/code/bigwigs/ProCap/NA18852.1.bw	ProCap	.
NA18486	/project2/yangili1/bjf79/ChromatinSplicingQTLs/code/bigwigs/ProCap/NA18486.1.bw	ProCap	.
NA18499	/project2/yangili1/bjf79/ChromatinSplicingQTLs/code/bigwigs/ProCap/NA18499.1.bw	ProCap	.
NA18861	/project2/yangili1/bjf79/ChromatinSplicingQTLs/code/bigwigs/ProCap/NA18861.1.bw	ProCap	.
NA18510	/project2/yangili1/bjf79/ChromatinSplicingQTLs/code/bigwigs/ProCap/NA18510.1.bw	ProCap	.
NA18516	/project2/yangili1/bjf79/ChromatinSplicingQTLs/code/bigwigs/ProCap/NA18516.1.bw	ProCap	.
NA18858	/project2/yangili1/bjf79/ChromatinSplicingQTLs/code/bigwigs/ProCap/NA18858.1.bw	ProCap	.
NA18855	/project2/yangili1/bjf79/ChromatinSplicingQTLs/code/bigwigs/ProCap/NA18855.1.bw	ProCap	.
NA18870	/project2/yangili1/bjf79/ChromatinSplicingQTLs/code/bigwigs/ProCap/NA18870.1.bw	ProCap	.
NA18909	/project2/yangili1/bjf79/ChromatinSplicingQTLs/code/bigwigs/ProCap/NA18909.1.bw	ProCap	.
NA19098	/project2/yangili1/bjf79/ChromatinSplicingQTLs/code/bigwigs/ProCap/NA19098.1.bw	ProCap	.
NA19130	/project2/yangili1/bjf79/ChromatinSplicingQTLs/code/bigwigs/ProCap/NA19130.1.bw	ProCap	.
NA19114	/project2/yangili1/bjf79/ChromatinSplicingQTLs/code/bigwigs/ProCap/NA19114.1.bw	ProCap	.
NA19119	/project2/yangili1/bjf79/ChromatinSplicingQTLs/code/bigwigs/ProCap/NA19119.1.bw	ProCap	.
NA19171	/project2/yangili1/bjf79/ChromatinSplicingQTLs/code/bigwigs/ProCap/NA19171.1.bw	ProCap	.
NA19138	/project2/yangili1/bjf79/ChromatinSplicingQTLs/code/bigwigs/ProCap/NA19138.1.bw	ProCap	.
NA19092	/project2/yangili1/bjf79/ChromatinSplicingQTLs/code/bigwigs/ProCap/NA19092.1.bw	ProCap	.
NA18913	/project2/yangili1/bjf79/ChromatinSplicingQTLs/code/bigwigs/ProCap/NA18913.1.bw	ProCap	.
NA19201	/project2/yangili1/bjf79/ChromatinSplicingQTLs/code/bigwigs/ProCap/NA19201.1.bw	ProCap	.
NA19192	/project2/yangili1/bjf79/ChromatinSplicingQTLs/code/bigwigs/ProCap/NA19192.1.bw	ProCap	.
NA19210	/project2/yangili1/bjf79/ChromatinSplicingQTLs/code/bigwigs/ProCap/NA19210.1.bw	ProCap	.
NA19141	/project2/yangili1/bjf79/ChromatinSplicingQTLs/code/bigwigs/ProCap/NA19141.1.bw	ProCap	.
NA19159	/project2/yangili1/bjf79/ChromatinSplicingQTLs/code/bigwigs/ProCap/NA19159.1.bw	ProCap	.
NA19152	/project2/yangili1/bjf79/ChromatinSplicingQTLs/code/bigwigs/ProCap/NA19152.1.bw	ProCap	.
NA19207	/project2/yangili1/bjf79/ChromatinSplicingQTLs/code/bigwigs/ProCap/NA19207.1.bw	ProCap	.
NA19144	/project2/yangili1/bjf79/ChromatinSplicingQTLs/code/bigwigs/ProCap/NA19144.1.bw	ProCap	.
NA19225	/project2/yangili1/bjf79/ChromatinSplicingQTLs/code/bigwigs/ProCap/NA19225.1.bw	ProCap	.
NA19204	/project2/yangili1/bjf79/ChromatinSplicingQTLs/code/bigwigs/ProCap/NA19204.1.bw	ProCap	.
NA18511	/project2/yangili1/bjf79/ChromatinSplicingQTLs/code/bigwigs/ProCap/NA18511.1.bw	ProCap	.
NA18856	/project2/yangili1/bjf79/ChromatinSplicingQTLs/code/bigwigs/ProCap/NA18856.1.bw	ProCap	.
NA18859	/project2/yangili1/bjf79/ChromatinSplicingQTLs/code/bigwigs/ProCap/NA18859.1.bw	ProCap	.
NA18508	/project2/yangili1/bjf79/ChromatinSplicingQTLs/code/bigwigs/ProCap/NA18508.1.bw	ProCap	.
NA18853	/project2/yangili1/bjf79/ChromatinSplicingQTLs/code/bigwigs/ProCap/NA18853.1.bw	ProCap	.
NA18519	/project2/yangili1/bjf79/ChromatinSplicingQTLs/code/bigwigs/ProCap/NA18519.1.bw	ProCap	.
NA18504	/project2/yangili1/bjf79/ChromatinSplicingQTLs/code/bigwigs/ProCap/NA18504.1.bw	ProCap	.
NA18862	/project2/yangili1/bjf79/ChromatinSplicingQTLs/code/bigwigs/ProCap/NA18862.1.bw	ProCap	.
NA18501	/project2/yangili1/bjf79/ChromatinSplicingQTLs/code/bigwigs/ProCap/NA18501.1.bw	ProCap	.
NA18912	/project2/yangili1/bjf79/ChromatinSplicingQTLs/code/bigwigs/ProCap/NA18912.1.bw	ProCap	.
NA19143	/project2/yangili1/bjf79/ChromatinSplicingQTLs/code/bigwigs/ProCap/NA19143.1.bw	ProCap	.
NA18916	/project2/yangili1/bjf79/ChromatinSplicingQTLs/code/bigwigs/ProCap/NA18916.1.bw	ProCap	.
NA19127	/project2/yangili1/bjf79/ChromatinSplicingQTLs/code/bigwigs/ProCap/NA19127.1.bw	ProCap	.
NA19140	/project2/yangili1/bjf79/ChromatinSplicingQTLs/code/bigwigs/ProCap/NA19140.1.bw	ProCap	.
NA19137	/project2/yangili1/bjf79/ChromatinSplicingQTLs/code/bigwigs/ProCap/NA19137.1.bw	ProCap	.
NA18907	/project2/yangili1/bjf79/ChromatinSplicingQTLs/code/bigwigs/ProCap/NA18907.1.bw	ProCap	.
NA19093	/project2/yangili1/bjf79/ChromatinSplicingQTLs/code/bigwigs/ProCap/NA19093.1.bw	ProCap	.
NA19101	/project2/yangili1/bjf79/ChromatinSplicingQTLs/code/bigwigs/ProCap/NA19101.1.bw	ProCap	.
NA19116	/project2/yangili1/bjf79/ChromatinSplicingQTLs/code/bigwigs/ProCap/NA19116.1.bw	ProCap	.
NA19190	/project2/yangili1/bjf79/ChromatinSplicingQTLs/code/bigwigs/ProCap/NA19190.1.bw	ProCap	.
NA19160	/project2/yangili1/bjf79/ChromatinSplicingQTLs/code/bigwigs/ProCap/NA19160.1.bw	ProCap	.
NA19206	/project2/yangili1/bjf79/ChromatinSplicingQTLs/code/bigwigs/ProCap/NA19206.1.bw	ProCap	.
NA19257	/project2/yangili1/bjf79/ChromatinSplicingQTLs/code/bigwigs/ProCap/NA19257.1.bw	ProCap	.
NA19203	/project2/yangili1/bjf79/ChromatinSplicingQTLs/code/bigwigs/ProCap/NA19203.1.bw	ProCap	.
NA19200	/project2/yangili1/bjf79/ChromatinSplicingQTLs/code/bigwigs/ProCap/NA19200.1.bw	ProCap	.
NA19209	/project2/yangili1/bjf79/ChromatinSplicingQTLs/code/bigwigs/ProCap/NA19209.1.bw	ProCap	.
NA19147	/project2/yangili1/bjf79/ChromatinSplicingQTLs/code/bigwigs/ProCap/NA19147.1.bw	ProCap	.
NA19153	/project2/yangili1/bjf79/ChromatinSplicingQTLs/code/bigwigs/ProCap/NA19153.1.bw	ProCap	.
NA19223	/project2/yangili1/bjf79/ChromatinSplicingQTLs/code/bigwigs/ProCap/NA19223.1.bw	ProCap	.
NA18486	/project2/yangili1/bjf79/ChromatinSplicingQTLs/code/bigwigs/MetabolicLabelled.30min/NA18486.1.bw	MetabolicLabelled.30min	.
NA18486	/project2/yangili1/bjf79/ChromatinSplicingQTLs/code/bigwigs/MetabolicLabelled.60min/NA18486.1.bw	MetabolicLabelled.60min	.
NA18489	/project2/yangili1/bjf79/ChromatinSplicingQTLs/code/bigwigs/MetabolicLabelled.30min/NA18489.1.bw	MetabolicLabelled.30min	.
NA18489	/project2/yangili1/bjf79/ChromatinSplicingQTLs/code/bigwigs/MetabolicLabelled.60min/NA18489.1.bw	MetabolicLabelled.60min	.
NA18498	/project2/yangili1/bjf79/ChromatinSplicingQTLs/code/bigwigs/MetabolicLabelled.30min/NA18498.1.bw	MetabolicLabelled.30min	.
NA18498	/project2/yangili1/bjf79/ChromatinSplicingQTLs/code/bigwigs/MetabolicLabelled.60min/NA18498.1.bw	MetabolicLabelled.60min	.
NA18499	/project2/yangili1/bjf79/ChromatinSplicingQTLs/code/bigwigs/MetabolicLabelled.30min/NA18499.1.bw	MetabolicLabelled.30min	.
NA18499	/project2/yangili1/bjf79/ChromatinSplicingQTLs/code/bigwigs/MetabolicLabelled.60min/NA18499.1.bw	MetabolicLabelled.60min	.
NA18501	/project2/yangili1/bjf79/ChromatinSplicingQTLs/code/bigwigs/MetabolicLabelled.30min/NA18501.1.bw	MetabolicLabelled.30min	.
NA18501	/project2/yangili1/bjf79/ChromatinSplicingQTLs/code/bigwigs/MetabolicLabelled.60min/NA18501.1.bw	MetabolicLabelled.60min	.
NA18502	/project2/yangili1/bjf79/ChromatinSplicingQTLs/code/bigwigs/MetabolicLabelled.30min/NA18502.1.bw	MetabolicLabelled.30min	.
NA18502	/project2/yangili1/bjf79/ChromatinSplicingQTLs/code/bigwigs/MetabolicLabelled.60min/NA18502.1.bw	MetabolicLabelled.60min	.
NA18504	/project2/yangili1/bjf79/ChromatinSplicingQTLs/code/bigwigs/MetabolicLabelled.30min/NA18504.1.bw	MetabolicLabelled.30min	.
NA18504	/project2/yangili1/bjf79/ChromatinSplicingQTLs/code/bigwigs/MetabolicLabelled.60min/NA18504.1.bw	MetabolicLabelled.60min	.
NA18505	/project2/yangili1/bjf79/ChromatinSplicingQTLs/code/bigwigs/MetabolicLabelled.30min/NA18505.1.bw	MetabolicLabelled.30min	.
NA18505	/project2/yangili1/bjf79/ChromatinSplicingQTLs/code/bigwigs/MetabolicLabelled.60min/NA18505.1.bw	MetabolicLabelled.60min	.
NA18507	/project2/yangili1/bjf79/ChromatinSplicingQTLs/code/bigwigs/MetabolicLabelled.30min/NA18507.1.bw	MetabolicLabelled.30min	.
NA18507	/project2/yangili1/bjf79/ChromatinSplicingQTLs/code/bigwigs/MetabolicLabelled.60min/NA18507.1.bw	MetabolicLabelled.60min	.
NA18508	/project2/yangili1/bjf79/ChromatinSplicingQTLs/code/bigwigs/MetabolicLabelled.30min/NA18508.1.bw	MetabolicLabelled.30min	.
NA18508	/project2/yangili1/bjf79/ChromatinSplicingQTLs/code/bigwigs/MetabolicLabelled.60min/NA18508.1.bw	MetabolicLabelled.60min	.
NA18510	/project2/yangili1/bjf79/ChromatinSplicingQTLs/code/bigwigs/MetabolicLabelled.30min/NA18510.1.bw	MetabolicLabelled.30min	.
NA18510	/project2/yangili1/bjf79/ChromatinSplicingQTLs/code/bigwigs/MetabolicLabelled.60min/NA18510.1.bw	MetabolicLabelled.60min	.
NA18511	/project2/yangili1/bjf79/ChromatinSplicingQTLs/code/bigwigs/MetabolicLabelled.30min/NA18511.1.bw	MetabolicLabelled.30min	.
NA18511	/project2/yangili1/bjf79/ChromatinSplicingQTLs/code/bigwigs/MetabolicLabelled.60min/NA18511.1.bw	MetabolicLabelled.60min	.
NA18516	/project2/yangili1/bjf79/ChromatinSplicingQTLs/code/bigwigs/MetabolicLabelled.30min/NA18516.1.bw	MetabolicLabelled.30min	.
NA18516	/project2/yangili1/bjf79/ChromatinSplicingQTLs/code/bigwigs/MetabolicLabelled.60min/NA18516.1.bw	MetabolicLabelled.60min	.
NA18517	/project2/yangili1/bjf79/ChromatinSplicingQTLs/code/bigwigs/MetabolicLabelled.30min/NA18517.1.bw	MetabolicLabelled.30min	.
NA18517	/project2/yangili1/bjf79/ChromatinSplicingQTLs/code/bigwigs/MetabolicLabelled.60min/NA18517.1.bw	MetabolicLabelled.60min	.
NA18519	/project2/yangili1/bjf79/ChromatinSplicingQTLs/code/bigwigs/MetabolicLabelled.30min/NA18519.1.bw	MetabolicLabelled.30min	.
NA18519	/project2/yangili1/bjf79/ChromatinSplicingQTLs/code/bigwigs/MetabolicLabelled.60min/NA18519.1.bw	MetabolicLabelled.60min	.
NA18520	/project2/yangili1/bjf79/ChromatinSplicingQTLs/code/bigwigs/MetabolicLabelled.30min/NA18520.1.bw	MetabolicLabelled.30min	.
NA18520	/project2/yangili1/bjf79/ChromatinSplicingQTLs/code/bigwigs/MetabolicLabelled.60min/NA18520.1.bw	MetabolicLabelled.60min	.
NA18522	/project2/yangili1/bjf79/ChromatinSplicingQTLs/code/bigwigs/MetabolicLabelled.30min/NA18522.1.bw	MetabolicLabelled.30min	.
NA18522	/project2/yangili1/bjf79/ChromatinSplicingQTLs/code/bigwigs/MetabolicLabelled.60min/NA18522.1.bw	MetabolicLabelled.60min	.
NA18852	/project2/yangili1/bjf79/ChromatinSplicingQTLs/code/bigwigs/MetabolicLabelled.30min/NA18852.1.bw	MetabolicLabelled.30min	.
NA18852	/project2/yangili1/bjf79/ChromatinSplicingQTLs/code/bigwigs/MetabolicLabelled.60min/NA18852.1.bw	MetabolicLabelled.60min	.
NA18853	/project2/yangili1/bjf79/ChromatinSplicingQTLs/code/bigwigs/MetabolicLabelled.30min/NA18853.1.bw	MetabolicLabelled.30min	.
NA18853	/project2/yangili1/bjf79/ChromatinSplicingQTLs/code/bigwigs/MetabolicLabelled.60min/NA18853.1.bw	MetabolicLabelled.60min	.
NA18855	/project2/yangili1/bjf79/ChromatinSplicingQTLs/code/bigwigs/MetabolicLabelled.30min/NA18855.1.bw	MetabolicLabelled.30min	.
NA18855	/project2/yangili1/bjf79/ChromatinSplicingQTLs/code/bigwigs/MetabolicLabelled.60min/NA18855.1.bw	MetabolicLabelled.60min	.
NA18856	/project2/yangili1/bjf79/ChromatinSplicingQTLs/code/bigwigs/MetabolicLabelled.30min/NA18856.1.bw	MetabolicLabelled.30min	.
NA18856	/project2/yangili1/bjf79/ChromatinSplicingQTLs/code/bigwigs/MetabolicLabelled.60min/NA18856.1.bw	MetabolicLabelled.60min	.
NA18858	/project2/yangili1/bjf79/ChromatinSplicingQTLs/code/bigwigs/MetabolicLabelled.30min/NA18858.1.bw	MetabolicLabelled.30min	.
NA18858	/project2/yangili1/bjf79/ChromatinSplicingQTLs/code/bigwigs/MetabolicLabelled.60min/NA18858.1.bw	MetabolicLabelled.60min	.
NA18859	/project2/yangili1/bjf79/ChromatinSplicingQTLs/code/bigwigs/MetabolicLabelled.30min/NA18859.1.bw	MetabolicLabelled.30min	.
NA18859	/project2/yangili1/bjf79/ChromatinSplicingQTLs/code/bigwigs/MetabolicLabelled.60min/NA18859.1.bw	MetabolicLabelled.60min	.
NA18861	/project2/yangili1/bjf79/ChromatinSplicingQTLs/code/bigwigs/MetabolicLabelled.30min/NA18861.1.bw	MetabolicLabelled.30min	.
NA18861	/project2/yangili1/bjf79/ChromatinSplicingQTLs/code/bigwigs/MetabolicLabelled.60min/NA18861.1.bw	MetabolicLabelled.60min	.
NA18870	/project2/yangili1/bjf79/ChromatinSplicingQTLs/code/bigwigs/MetabolicLabelled.30min/NA18870.1.bw	MetabolicLabelled.30min	.
NA18870	/project2/yangili1/bjf79/ChromatinSplicingQTLs/code/bigwigs/MetabolicLabelled.60min/NA18870.1.bw	MetabolicLabelled.60min	.
NA18907	/project2/yangili1/bjf79/ChromatinSplicingQTLs/code/bigwigs/MetabolicLabelled.30min/NA18907.1.bw	MetabolicLabelled.30min	.
NA18907	/project2/yangili1/bjf79/ChromatinSplicingQTLs/code/bigwigs/MetabolicLabelled.60min/NA18907.1.bw	MetabolicLabelled.60min	.
NA18912	/project2/yangili1/bjf79/ChromatinSplicingQTLs/code/bigwigs/MetabolicLabelled.30min/NA18912.1.bw	MetabolicLabelled.30min	.
NA18912	/project2/yangili1/bjf79/ChromatinSplicingQTLs/code/bigwigs/MetabolicLabelled.60min/NA18912.1.bw	MetabolicLabelled.60min	.
NA18913	/project2/yangili1/bjf79/ChromatinSplicingQTLs/code/bigwigs/MetabolicLabelled.30min/NA18913.1.bw	MetabolicLabelled.30min	.
NA18913	/project2/yangili1/bjf79/ChromatinSplicingQTLs/code/bigwigs/MetabolicLabelled.60min/NA18913.1.bw	MetabolicLabelled.60min	.
NA19092	/project2/yangili1/bjf79/ChromatinSplicingQTLs/code/bigwigs/MetabolicLabelled.30min/NA19092.1.bw	MetabolicLabelled.30min	.
NA19092	/project2/yangili1/bjf79/ChromatinSplicingQTLs/code/bigwigs/MetabolicLabelled.60min/NA19092.1.bw	MetabolicLabelled.60min	.
NA19098	/project2/yangili1/bjf79/ChromatinSplicingQTLs/code/bigwigs/MetabolicLabelled.30min/NA19098.1.bw	MetabolicLabelled.30min	.
NA19098	/project2/yangili1/bjf79/ChromatinSplicingQTLs/code/bigwigs/MetabolicLabelled.60min/NA19098.1.bw	MetabolicLabelled.60min	.
NA19099	/project2/yangili1/bjf79/ChromatinSplicingQTLs/code/bigwigs/MetabolicLabelled.30min/NA19099.1.bw	MetabolicLabelled.30min	.
NA19099	/project2/yangili1/bjf79/ChromatinSplicingQTLs/code/bigwigs/MetabolicLabelled.60min/NA19099.1.bw	MetabolicLabelled.60min	.
NA19101	/project2/yangili1/bjf79/ChromatinSplicingQTLs/code/bigwigs/MetabolicLabelled.30min/NA19101.1.bw	MetabolicLabelled.30min	.
NA19101	/project2/yangili1/bjf79/ChromatinSplicingQTLs/code/bigwigs/MetabolicLabelled.60min/NA19101.1.bw	MetabolicLabelled.60min	.
NA19102	/project2/yangili1/bjf79/ChromatinSplicingQTLs/code/bigwigs/MetabolicLabelled.30min/NA19102.1.bw	MetabolicLabelled.30min	.
NA19102	/project2/yangili1/bjf79/ChromatinSplicingQTLs/code/bigwigs/MetabolicLabelled.60min/NA19102.1.bw	MetabolicLabelled.60min	.
NA19108	/project2/yangili1/bjf79/ChromatinSplicingQTLs/code/bigwigs/MetabolicLabelled.30min/NA19108.1.bw	MetabolicLabelled.30min	.
NA19108	/project2/yangili1/bjf79/ChromatinSplicingQTLs/code/bigwigs/MetabolicLabelled.60min/NA19108.1.bw	MetabolicLabelled.60min	.
NA19116	/project2/yangili1/bjf79/ChromatinSplicingQTLs/code/bigwigs/MetabolicLabelled.30min/NA19116.1.bw	MetabolicLabelled.30min	.
NA19116	/project2/yangili1/bjf79/ChromatinSplicingQTLs/code/bigwigs/MetabolicLabelled.60min/NA19116.1.bw	MetabolicLabelled.60min	.
NA19119	/project2/yangili1/bjf79/ChromatinSplicingQTLs/code/bigwigs/MetabolicLabelled.30min/NA19119.1.bw	MetabolicLabelled.30min	.
NA19119	/project2/yangili1/bjf79/ChromatinSplicingQTLs/code/bigwigs/MetabolicLabelled.60min/NA19119.1.bw	MetabolicLabelled.60min	.
NA19127	/project2/yangili1/bjf79/ChromatinSplicingQTLs/code/bigwigs/MetabolicLabelled.30min/NA19127.1.bw	MetabolicLabelled.30min	.
NA19127	/project2/yangili1/bjf79/ChromatinSplicingQTLs/code/bigwigs/MetabolicLabelled.60min/NA19127.1.bw	MetabolicLabelled.60min	.
NA19128	/project2/yangili1/bjf79/ChromatinSplicingQTLs/code/bigwigs/MetabolicLabelled.30min/NA19128.1.bw	MetabolicLabelled.30min	.
NA19128	/project2/yangili1/bjf79/ChromatinSplicingQTLs/code/bigwigs/MetabolicLabelled.60min/NA19128.1.bw	MetabolicLabelled.60min	.
NA19130	/project2/yangili1/bjf79/ChromatinSplicingQTLs/code/bigwigs/MetabolicLabelled.30min/NA19130.1.bw	MetabolicLabelled.30min	.
NA19130	/project2/yangili1/bjf79/ChromatinSplicingQTLs/code/bigwigs/MetabolicLabelled.60min/NA19130.1.bw	MetabolicLabelled.60min	.
NA19131	/project2/yangili1/bjf79/ChromatinSplicingQTLs/code/bigwigs/MetabolicLabelled.30min/NA19131.1.bw	MetabolicLabelled.30min	.
NA19131	/project2/yangili1/bjf79/ChromatinSplicingQTLs/code/bigwigs/MetabolicLabelled.60min/NA19131.1.bw	MetabolicLabelled.60min	.
NA19137	/project2/yangili1/bjf79/ChromatinSplicingQTLs/code/bigwigs/MetabolicLabelled.30min/NA19137.1.bw	MetabolicLabelled.30min	.
NA19137	/project2/yangili1/bjf79/ChromatinSplicingQTLs/code/bigwigs/MetabolicLabelled.60min/NA19137.1.bw	MetabolicLabelled.60min	.
NA19138	/project2/yangili1/bjf79/ChromatinSplicingQTLs/code/bigwigs/MetabolicLabelled.30min/NA19138.1.bw	MetabolicLabelled.30min	.
NA19138	/project2/yangili1/bjf79/ChromatinSplicingQTLs/code/bigwigs/MetabolicLabelled.60min/NA19138.1.bw	MetabolicLabelled.60min	.
NA19140	/project2/yangili1/bjf79/ChromatinSplicingQTLs/code/bigwigs/MetabolicLabelled.30min/NA19140.1.bw	MetabolicLabelled.30min	.
NA19140	/project2/yangili1/bjf79/ChromatinSplicingQTLs/code/bigwigs/MetabolicLabelled.60min/NA19140.1.bw	MetabolicLabelled.60min	.
NA19141	/project2/yangili1/bjf79/ChromatinSplicingQTLs/code/bigwigs/MetabolicLabelled.30min/NA19141.1.bw	MetabolicLabelled.30min	.
NA19141	/project2/yangili1/bjf79/ChromatinSplicingQTLs/code/bigwigs/MetabolicLabelled.60min/NA19141.1.bw	MetabolicLabelled.60min	.
NA19143	/project2/yangili1/bjf79/ChromatinSplicingQTLs/code/bigwigs/MetabolicLabelled.30min/NA19143.1.bw	MetabolicLabelled.30min	.
NA19143	/project2/yangili1/bjf79/ChromatinSplicingQTLs/code/bigwigs/MetabolicLabelled.60min/NA19143.1.bw	MetabolicLabelled.60min	.
NA19144	/project2/yangili1/bjf79/ChromatinSplicingQTLs/code/bigwigs/MetabolicLabelled.30min/NA19144.1.bw	MetabolicLabelled.30min	.
NA19144	/project2/yangili1/bjf79/ChromatinSplicingQTLs/code/bigwigs/MetabolicLabelled.60min/NA19144.1.bw	MetabolicLabelled.60min	.
NA19147	/project2/yangili1/bjf79/ChromatinSplicingQTLs/code/bigwigs/MetabolicLabelled.30min/NA19147.1.bw	MetabolicLabelled.30min	.
NA19147	/project2/yangili1/bjf79/ChromatinSplicingQTLs/code/bigwigs/MetabolicLabelled.60min/NA19147.1.bw	MetabolicLabelled.60min	.
NA19152	/project2/yangili1/bjf79/ChromatinSplicingQTLs/code/bigwigs/MetabolicLabelled.30min/NA19152.1.bw	MetabolicLabelled.30min	.
NA19152	/project2/yangili1/bjf79/ChromatinSplicingQTLs/code/bigwigs/MetabolicLabelled.60min/NA19152.1.bw	MetabolicLabelled.60min	.
NA19153	/project2/yangili1/bjf79/ChromatinSplicingQTLs/code/bigwigs/MetabolicLabelled.30min/NA19153.1.bw	MetabolicLabelled.30min	.
NA19153	/project2/yangili1/bjf79/ChromatinSplicingQTLs/code/bigwigs/MetabolicLabelled.60min/NA19153.1.bw	MetabolicLabelled.60min	.
NA19159	/project2/yangili1/bjf79/ChromatinSplicingQTLs/code/bigwigs/MetabolicLabelled.30min/NA19159.1.bw	MetabolicLabelled.30min	.
NA19159	/project2/yangili1/bjf79/ChromatinSplicingQTLs/code/bigwigs/MetabolicLabelled.60min/NA19159.1.bw	MetabolicLabelled.60min	.
NA19172	/project2/yangili1/bjf79/ChromatinSplicingQTLs/code/bigwigs/MetabolicLabelled.30min/NA19172.1.bw	MetabolicLabelled.30min	.
NA19172	/project2/yangili1/bjf79/ChromatinSplicingQTLs/code/bigwigs/MetabolicLabelled.60min/NA19172.1.bw	MetabolicLabelled.60min	.
NA19190	/project2/yangili1/bjf79/ChromatinSplicingQTLs/code/bigwigs/MetabolicLabelled.30min/NA19190.1.bw	MetabolicLabelled.30min	.
NA19190	/project2/yangili1/bjf79/ChromatinSplicingQTLs/code/bigwigs/MetabolicLabelled.60min/NA19190.1.bw	MetabolicLabelled.60min	.
NA19192	/project2/yangili1/bjf79/ChromatinSplicingQTLs/code/bigwigs/MetabolicLabelled.30min/NA19192.1.bw	MetabolicLabelled.30min	.
NA19192	/project2/yangili1/bjf79/ChromatinSplicingQTLs/code/bigwigs/MetabolicLabelled.60min/NA19192.1.bw	MetabolicLabelled.60min	.
NA19200	/project2/yangili1/bjf79/ChromatinSplicingQTLs/code/bigwigs/MetabolicLabelled.30min/NA19200.1.bw	MetabolicLabelled.30min	.
NA19200	/project2/yangili1/bjf79/ChromatinSplicingQTLs/code/bigwigs/MetabolicLabelled.60min/NA19200.1.bw	MetabolicLabelled.60min	.
NA19201	/project2/yangili1/bjf79/ChromatinSplicingQTLs/code/bigwigs/MetabolicLabelled.30min/NA19201.1.bw	MetabolicLabelled.30min	.
NA19201	/project2/yangili1/bjf79/ChromatinSplicingQTLs/code/bigwigs/MetabolicLabelled.60min/NA19201.1.bw	MetabolicLabelled.60min	.
NA19203	/project2/yangili1/bjf79/ChromatinSplicingQTLs/code/bigwigs/MetabolicLabelled.30min/NA19203.1.bw	MetabolicLabelled.30min	.
NA19203	/project2/yangili1/bjf79/ChromatinSplicingQTLs/code/bigwigs/MetabolicLabelled.60min/NA19203.1.bw	MetabolicLabelled.60min	.
NA19204	/project2/yangili1/bjf79/ChromatinSplicingQTLs/code/bigwigs/MetabolicLabelled.30min/NA19204.1.bw	MetabolicLabelled.30min	.
NA19204	/project2/yangili1/bjf79/ChromatinSplicingQTLs/code/bigwigs/MetabolicLabelled.60min/NA19204.1.bw	MetabolicLabelled.60min	.
NA19206	/project2/yangili1/bjf79/ChromatinSplicingQTLs/code/bigwigs/MetabolicLabelled.30min/NA19206.1.bw	MetabolicLabelled.30min	.
NA19206	/project2/yangili1/bjf79/ChromatinSplicingQTLs/code/bigwigs/MetabolicLabelled.60min/NA19206.1.bw	MetabolicLabelled.60min	.
NA19209	/project2/yangili1/bjf79/ChromatinSplicingQTLs/code/bigwigs/MetabolicLabelled.30min/NA19209.1.bw	MetabolicLabelled.30min	.
NA19209	/project2/yangili1/bjf79/ChromatinSplicingQTLs/code/bigwigs/MetabolicLabelled.60min/NA19209.1.bw	MetabolicLabelled.60min	.
NA19210	/project2/yangili1/bjf79/ChromatinSplicingQTLs/code/bigwigs/MetabolicLabelled.30min/NA19210.1.bw	MetabolicLabelled.30min	.
NA19210	/project2/yangili1/bjf79/ChromatinSplicingQTLs/code/bigwigs/MetabolicLabelled.60min/NA19210.1.bw	MetabolicLabelled.60min	.
NA19222	/project2/yangili1/bjf79/ChromatinSplicingQTLs/code/bigwigs/MetabolicLabelled.30min/NA19222.1.bw	MetabolicLabelled.30min	.
NA19222	/project2/yangili1/bjf79/ChromatinSplicingQTLs/code/bigwigs/MetabolicLabelled.60min/NA19222.1.bw	MetabolicLabelled.60min	.
NA19223	/project2/yangili1/bjf79/ChromatinSplicingQTLs/code/bigwigs/MetabolicLabelled.30min/NA19223.1.bw	MetabolicLabelled.30min	.
NA19223	/project2/yangili1/bjf79/ChromatinSplicingQTLs/code/bigwigs/MetabolicLabelled.60min/NA19223.1.bw	MetabolicLabelled.60min	.
NA19225	/project2/yangili1/bjf79/ChromatinSplicingQTLs/code/bigwigs/MetabolicLabelled.30min/NA19225.1.bw	MetabolicLabelled.30min	.
NA19225	/project2/yangili1/bjf79/ChromatinSplicingQTLs/code/bigwigs/MetabolicLabelled.60min/NA19225.1.bw	MetabolicLabelled.60min	.
NA19238	/project2/yangili1/bjf79/ChromatinSplicingQTLs/code/bigwigs/MetabolicLabelled.30min/NA19238.1.bw	MetabolicLabelled.30min	.
NA19238	/project2/yangili1/bjf79/ChromatinSplicingQTLs/code/bigwigs/MetabolicLabelled.60min/NA19238.1.bw	MetabolicLabelled.60min	.
NA19239	/project2/yangili1/bjf79/ChromatinSplicingQTLs/code/bigwigs/MetabolicLabelled.30min/NA19239.1.bw	MetabolicLabelled.30min	.
NA19239	/project2/yangili1/bjf79/ChromatinSplicingQTLs/code/bigwigs/MetabolicLabelled.60min/NA19239.1.bw	MetabolicLabelled.60min	.
NA19257	/project2/yangili1/bjf79/ChromatinSplicingQTLs/code/bigwigs/MetabolicLabelled.30min/NA19257.1.bw	MetabolicLabelled.30min	.
NA19257	/project2/yangili1/bjf79/ChromatinSplicingQTLs/code/bigwigs/MetabolicLabelled.60min/NA19257.1.bw	MetabolicLabelled.60min	.
